datetime,Anemometer;wind_speed;Avg (m/s),Anemometer;wind_speed;Max (m/s),Anemometer;wind_speed;Min (m/s),Anemometer;wind_speed;StdDev (m/s),Anemometer;wind_speed;Count (),Wind Vane TMR;wind_direction;Avg (°),Wind Vane TMR;wind_direction;StdDev (°),Wind Vane TMR;wind_direction;Count (),Hygro/Thermo;humidity;Avg (%),Hygro/Thermo;humidity;Max (%),Hygro/Thermo;humidity;Min (%),Hygro/Thermo;humidity;StdDev (%),Hygro/Thermo;humidity;Count (),Hygro/Thermo;temperature;Avg (°C),Hygro/Thermo;temperature;Max (°C),Hygro/Thermo;temperature;Min (°C),Hygro/Thermo;temperature;StdDev (°C),Hygro/Thermo;temperature;Count (),Barometer;air_pressure;Avg (hPa),Barometer;air_pressure;Max (hPa),Barometer;air_pressure;Min (hPa),Barometer;air_pressure;StdDev (hPa),Barometer;air_pressure;Count (),DHI (Diffuse Horizontal Irradiance);solar_irradiance;Avg (W/m²),DHI (Diffuse Horizontal Irradiance);solar_irradiance;Max (W/m²),DHI (Diffuse Horizontal Irradiance);solar_irradiance;Min (W/m²),DHI (Diffuse Horizontal Irradiance);solar_irradiance;StdDev (W/m²),DHI (Diffuse Horizontal Irradiance);solar_irradiance;Count (),GHI (Global Horizontal Irradiance);solar_irradiance;Avg (W/m²),GHI (Global Horizontal Irradiance);solar_irradiance;Max (W/m²),GHI (Global Horizontal Irradiance);solar_irradiance;Min (W/m²),GHI (Global Horizontal Irradiance);solar_irradiance;StdDev (W/m²),GHI (Global Horizontal Irradiance);solar_irradiance;Count (),DNI (Direct Normal Irradiance) Pyrheliometer;solar_DNI;Avg (W/m²),DNI (Direct Normal Irradiance) Pyrheliometer;solar_DNI;Max (W/m²),DNI (Direct Normal Irradiance) Pyrheliometer;solar_DNI;Min (W/m²),DNI (Direct Normal Irradiance) Pyrheliometer;solar_DNI;StdDev (W/m²),DNI (Direct Normal Irradiance) Pyrheliometer;solar_DNI;Count (),Precipitation;precipitation;Count (),Precipitation;precipitation;Sum (mm),GTI (Global Tilt Irradiance) PV Cell;voltage;Avg (W/m2),GTI (Global Tilt Irradiance) PV Cell;voltage;Max (W/m2),GTI (Global Tilt Irradiance) PV Cell;voltage;Min (W/m2),GTI (Global Tilt Irradiance) PV Cell;voltage;StdDev (W/m2),GTI (Global Tilt Irradiance) PV Cell;voltage;Count (),A1;channel;Avg (V),A1;channel;Max (V),A1;channel;Min (V),A1;channel;StdDev (V),A2;channel;Avg (V),A2;channel;Max (V),A2;channel;Min (V),A2;channel;StdDev (V),A3;channel;Avg (V),A3;channel;Max (V),A3;channel;Min (V),A3;channel;StdDev (V),A4;channel;Avg (V),A4;channel;Max (V),A4;channel;Min (V),A4;channel;StdDev (V),A5;channel;Avg (V),A5;channel;Max (V),A5;channel;Min (V),A5;channel;StdDev (V),A6;channel;Avg (V),A6;channel;Max (V),A6;channel;Min (V),A6;channel;StdDev (V),A7;channel;Avg (V),A7;channel;Max (V),A7;channel;Min (V),A7;channel;StdDev (V),C1;channel;Avg (I),C1;channel;Max (I),C1;channel;Min (I),C1;channel;StdDev (I),C2;channel;Avg (I),C2;channel;Max (I),C2;channel;Min (I),C2;channel;StdDev (I),D1;channel;Avg (),D1;channel;Max (),D1;channel;Min (),D1;channel;StdDev (),T;channel;Avg (°C),I;channel;Avg (mA),I;channel;Max (mA),I;channel;Min (mA),V;channel;Avg (V),V;channel;Max (V),V;channel;Min (V)
2021-03-20 00:00:00,1.1597,2.1788,0.486,0.3794,120,154.0198,29.0082,120,77.2835,77.3949,77.1813,0.059,120,26.7199,26.74,26.7034,0.0079,120,1006.8136,1007.0071,1006.6225,0.0496,120,0,0,0,0,120,0,0,0,0,120,13.9328,14.2604,13.7689,0.2326,120,120,0,0,0,0,0,120,3.4469,3.4501,3.4437,0.0008,0.5672,0.5674,0.567,0.0001,0.7728,0.7739,0.7718,0.0006,-0.0001,-0.0001,-0.0001,0,-0.0043,-0.004,-0.0045,0.0001,0,0,0,0,0,0,0,0,103.225,214,30,41.235,0,0,0,0,437.3583,661,172,83.2943,34.7,42.5667,51,39,23.93,23.93,23.88
2021-03-20 00:10:00,0.8871,1.7188,0.2376,0.3499,120,156.6344,35.5867,120,77.5236,77.6391,77.3339,0.0789,120,26.7068,26.7248,26.682,0.0086,120,1006.7754,1007.0071,1006.6042,0.1057,120,0,0,0,0,120,0,0,0,0,120,13.9778,14.2604,13.7689,0.244,120,120,0,0,0,0,0,120,3.4463,3.4501,3.4434,0.0018,0.5671,0.5673,0.5668,0.0001,0.7752,0.7764,0.7733,0.0008,-0.0001,-0.0001,-0.0001,0,-0.0043,-0.0041,-0.0045,0.0001,0,0,0,0,0,0,0,0,73.6,164,3,38.0282,0,0,0,0,445.4333,711,198,102.2102,34.4,40.7,45,39,23.9,23.93,23.88
2021-03-20 00:20:00,1.2554,2.6112,0.5596,0.4199,120,160.0504,29.4124,120,77.9046,78.1579,77.6391,0.147,120,26.6876,26.7278,26.6698,0.0151,120,1006.6277,1006.8056,1006.5859,0.0524,120,0,0,0,0,120,0,0,0,0,120,13.9819,14.2604,13.7689,0.2446,120,120,0,0,0,0,0,120,3.4438,3.4468,3.4431,0.0009,0.5669,0.5673,0.5667,0.0001,0.779,0.7816,0.7764,0.0015,-0.0001,-0.0001,-0.0001,0,-0.0043,-0.0041,-0.0045,0.0001,0,0,0,0,0,0,0,0,113.625,261,38,45.6415,0,0,0,0,454.225,652,212,84.5676,34,40.3667,45,39,23.88,23.93,23.88
2021-03-20 00:30:00,1.2319,2.2708,0.2468,0.4471,120,153.4849,36.1323,120,78.1892,78.28,78.1274,0.0387,120,26.7359,26.7553,26.7034,0.0122,120,1006.4917,1006.6225,1006.4028,0.0921,120,0,0,0,0,120,0,0,0,0,120,13.8345,14.2604,13.2775,0.1904,120,120,0,0,0,0,0,120,3.4415,3.4437,3.44,0.0015,0.5674,0.5675,0.567,0.0001,0.7819,0.7828,0.7813,0.0004,-0.0001,-0.0001,-0.0001,0,-0.0044,-0.0042,-0.0046,0.0001,0,0,0,0,0,0,0,0,111.075,224,4,48.5961,0,0,0,0,435.5583,716,140,104.3514,34,40.4333,45,39,23.88,23.88,23.88
2021-03-20 00:40:00,1.4709,3.43,0.4124,0.5474,120,161.5846,29.8111,120,78.4407,78.6767,78.2495,0.1098,120,26.643,26.7064,26.5813,0.0367,120,1006.4121,1006.6225,1006.2197,0.051,120,0,0,0,0,120,0,0,0,0,120,13.8304,14.2604,13.2775,0.197,120,120,0,0,0,0,0,120,3.4402,3.4437,3.437,0.0009,0.5664,0.5671,0.5658,0.0004,0.7844,0.7868,0.7825,0.0011,-0.0001,-0.0001,-0.0001,0,-0.0042,-0.0041,-0.0044,0.0001,0,0,0,0,0,0,0,0,137.05,350,22,59.5008,0,0,0,0,462.9417,935,291,90.8868,34,40.4833,45,39,23.88,23.88,23.83
2021-03-20 00:50:00,1.8287,3.752,0.6148,0.6224,120,147.2278,29.7926,120,78.8321,79.0124,78.6767,0.0951,120,26.5852,26.6027,26.5691,0.0079,120,1006.2856,1006.4394,1006.0366,0.1102,120,0,0,0,0,120,0,0,0,0,120,13.9287,14.2604,13.7689,0.2312,120,120,0,0,0,0,0,120,3.4381,3.4407,3.4339,0.0018,0.5658,0.566,0.5657,0.0001,0.7883,0.7901,0.7868,0.001,-0.0001,-0.0001,-0.0001,0,-0.0042,-0.0041,-0.0043,0.0001,0,0,0,0,0,0,0,0,175.9417,385,44,67.655,0,0,0,0,417.0417,674,160,86.1969,34,40.5,41,39,23.84,23.88,23.83
2021-03-20 01:00:00,2.1957,4.304,0.5872,0.7939,120,148.8136,33.0404,120,79.015,79.104,78.9209,0.0353,120,26.6352,26.6576,26.5996,0.0135,120,1006.1495,1006.4211,1006.0182,0.0965,120,0,0,0,0,120,0,0,0,0,120,13.8918,14.2604,13.7689,0.2137,120,120,0,0,0,0,0,120,3.4358,3.4404,3.4336,0.0016,0.5664,0.5666,0.566,0.0001,0.7901,0.791,0.7892,0.0004,-0.0001,-0.0001,-0.0001,0,-0.0041,-0.0038,-0.0043,0.0001,0,0,0,0,0,0,0,0,215.8333,445,41,86.2912,0,0,0,0,421.3167,760,131,97.5926,34,40.65,45,39,23.83,23.88,23.83
2021-03-20 01:10:00,2.1328,3.6232,0.8264,0.6541,120,143.1621,27.0016,120,78.9847,79.0735,78.8903,0.043,120,26.6118,26.6424,26.5844,0.0143,120,1006.0103,1006.2197,1005.8351,0.0664,120,0,0,0,0,120,0,0,0,0,120,13.859,14.2604,13.2775,0.2296,120,120,0,0,0,0,0,120,3.4335,3.437,3.4306,0.0011,0.5661,0.5664,0.5658,0.0001,0.7898,0.7907,0.7889,0.0004,-0.0001,-0.0001,-0.0001,0,-0.0041,-0.0038,-0.0043,0.0001,0,0,0,0,0,0,0,0,209,371,67,71.0976,0,0,0,0,404.725,572,145,77.7607,34,40.6833,47,39,23.83,23.83,23.83
2021-03-20 01:20:00,1.4206,3.7336,0.348,0.691,120,130.8006,35.3927,120,78.9303,79.0429,78.8293,0.0452,120,26.6152,26.624,26.6027,0.004,120,1005.9993,1006.0549,1005.8351,0.0728,120,0,0,0,0,120,0,0,0,0,120,13.8508,14.2604,13.2775,0.2048,120,120,0,0,0,0,0,120,3.4333,3.4342,3.4306,0.0012,0.5662,0.5662,0.566,0,0.7893,0.7904,0.7883,0.0005,-0.0001,-0.0001,-0.0001,0,-0.0042,-0.0039,-0.0044,0.0001,0,0,0,0,0,0,0,0,131.5833,383,15,75.1131,0,0,0,0,374,808,141,104.6822,34,40.8667,47,39,23.83,23.83,23.78
2021-03-20 01:30:00,1.2494,2.372,0.3296,0.3987,120,148.955,27.6769,120,78.9028,79.0124,78.8293,0.0504,120,26.6097,26.624,26.5966,0.0062,120,1005.9275,1006.2197,1005.8351,0.0963,120,0,0,0,0,120,0,0,0,0,120,13.8672,14.2604,13.2775,0.2262,120,120,0,0,0,0,0,120,3.4321,3.437,3.4306,0.0016,0.5661,0.5662,0.566,0.0001,0.789,0.7901,0.7883,0.0005,-0.0001,-0.0001,-0.0001,0,-0.0043,-0.0039,-0.0045,0.0001,0,0,0,0,0,0,0,0,112.9833,235,13,43.3357,0,0,0,0,421.0667,661,28,82.4435,34,40.9167,45,39,23.81,23.83,23.78
2021-03-20 01:40:00,1.4034,3.0804,0.6056,0.4778,120,141.8949,37.5309,120,78.9921,79.0429,78.9209,0.0254,120,26.6218,26.6393,26.6027,0.0076,120,1005.9629,1006.0549,1005.8351,0.0933,120,0,0,0,0,120,0,0,0,0,120,13.8508,14.2604,13.2775,0.2238,120,120,0,0,0,0,0,120,3.4327,3.4342,3.4306,0.0016,0.5662,0.5664,0.566,0.0001,0.7899,0.7904,0.7892,0.0003,-0.0001,-0.0001,-0.0001,0,-0.0041,-0.0034,-0.0044,0.0002,0,0,0,0,0,0,0,0,129.7167,312,43,51.9334,0,0,0,0,401.2833,690,7,109.0129,34,41.05,47,39,23.78,23.83,23.78
2021-03-20 01:50:00,1.4103,2.9056,0.4124,0.5237,120,142.3229,30.9017,120,79.0567,79.1345,78.9819,0.0316,120,26.5936,26.6118,26.5661,0.0101,120,1006.039,1006.2197,1005.8351,0.066,120,0,0,0,0,120,0,0,0,0,120,13.7648,14.2604,13.2775,0.1744,120,120,0,0,0,0,0,120,3.434,3.437,3.4306,0.0011,0.5659,0.5661,0.5657,0.0001,0.7906,0.7913,0.7898,0.0003,-0.0001,-0.0001,-0.0001,0,-0.0039,-0.0032,-0.0041,0.0002,0,0,0,0,0,0,0,0,130.4667,293,22,56.9202,0,0,0,0,403.075,608,130,88.9447,34,40.9167,47,39,23.78,23.78,23.78
2021-03-20 02:00:00,1.8454,2.9884,0.8448,0.5131,120,149.4311,27.64,120,79.0173,79.104,78.8903,0.0534,120,26.5413,26.5752,26.5172,0.0159,120,1006.0828,1006.238,1005.9999,0.0825,120,0,0,0,0,120,0,0,0,0,120,13.859,14.2604,13.2775,0.2206,120,120,0,0,0,0,0,120,3.4347,3.4373,3.4333,0.0014,0.5654,0.5657,0.5652,0.0002,0.7902,0.791,0.7889,0.0005,-0.0001,-0.0001,-0.0001,0,-0.004,-0.0036,-0.0042,0.0002,0,0,0,0,0,0,0,0,177.7583,302,69,55.7728,0,0,0,0,425.65,849,168,83.4642,34,40.9333,45,39,23.78,23.78,23.78
2021-03-20 02:10:00,1.5204,2.6848,0.4952,0.5181,120,131.9876,32.4736,120,78.8497,78.9819,78.6767,0.104,120,26.534,26.5508,26.5142,0.0096,120,1006.1141,1006.238,1006.0182,0.0935,120,0,0,0,0,120,0,0,0,0,120,13.8099,14.2604,13.2775,0.2073,120,120,0,0,0,0,0,120,3.4352,3.4373,3.4336,0.0016,0.5653,0.5655,0.5651,0.0001,0.7885,0.7898,0.7868,0.001,-0.0001,-0.0001,-0.0001,0,-0.0039,-0.0035,-0.0042,0.0002,0,0,0,0,0,0,0,0,142.4333,269,31,56.3117,0,0,0,0,380.6917,1008,109,106.4484,34,40.9167,43,39,23.78,23.78,23.73
2021-03-20 02:20:00,1.4085,3.4116,0.3388,0.7142,120,147.4392,42.1867,120,78.6159,78.7072,78.5241,0.0547,120,26.4846,26.5294,26.4562,0.0202,120,1006.084,1006.238,1005.8535,0.086,120,0,0,0,0,120,0,0,0,0,120,13.8263,14.2604,13.2775,0.1931,120,120,0,0,0,0,0,120,3.4347,3.4373,3.4309,0.0014,0.5648,0.5653,0.5646,0.0002,0.7862,0.7871,0.7852,0.0005,-0.0001,-0.0001,-0.0001,0,-0.0041,-0.0035,-0.0053,0.0004,0,0,0,0,0,0,0,0,130.2667,348,14,77.6309,0,0,0,0,429.3333,975,60,134.0153,34,40.9667,45,39,23.76,23.78,23.73
2021-03-20 02:30:00,1.3319,2.9792,0.6148,0.4559,120,145.5394,34.5513,120,78.5661,78.7072,78.4631,0.0568,120,26.5037,26.5172,26.4745,0.0097,120,1006.046,1006.238,1005.8535,0.0577,120,0,0,0,0,120,0,0,0,0,120,13.8836,14.2604,13.7689,0.2087,120,120,0,0,0,0,0,120,3.4341,3.4373,3.4309,0.001,0.565,0.5652,0.5647,0.0001,0.7857,0.7871,0.7846,0.0006,-0.0001,-0.0001,-0.0001,0,-0.0048,-0.0045,-0.005,0.0001,0,0,0,0,0,0,0,0,121.95,301,44,49.5531,0,0,0,0,421.3917,896,222,107.4168,34,41,47,39,23.74,23.78,23.73
2021-03-20 02:40:00,1.2709,2.372,0.4032,0.4294,120,129.8788,34.5982,120,78.5442,78.6157,78.4631,0.0364,120,26.5197,26.5478,26.4989,0.0128,120,1005.9839,1006.0549,1005.8351,0.0807,120,0,0,0,0,120,0,0,0,0,120,13.9246,14.2604,13.2775,0.2466,120,120,0,0,0,0,0,120,3.4331,3.4342,3.4306,0.0013,0.5652,0.5655,0.565,0.0001,0.7854,0.7862,0.7846,0.0004,-0.0001,-0.0001,-0.0001,0,-0.0046,-0.0043,-0.0048,0.0001,0,0,0,0,0,0,0,0,115.3167,235,21,46.6793,0,0,0,0,366.6167,633,60,99.7414,34,40.9833,45,39,23.73,23.78,23.73
2021-03-20 02:50:00,1.2615,2.5376,0.4124,0.4518,120,145.0285,35.4309,120,78.5778,78.6462,78.4631,0.0433,120,26.5409,26.5539,26.5294,0.0057,120,1006.0073,1006.0549,1005.8351,0.0612,120,0,0,0,0,120,0,0,0,0,120,13.8713,14.2604,13.2775,0.2103,120,120,0,0,0,0,0,120,3.4335,3.4342,3.4306,0.001,0.5654,0.5655,0.5653,0.0001,0.7858,0.7865,0.7846,0.0004,-0.0001,-0.0001,-0.0001,0,-0.004,-0.0035,-0.0046,0.0003,0,0,0,0,0,0,0,0,114.2917,253,22,49.113,0,0,0,0,410.875,717,150,102.149,34,40.9833,47,39,23.73,23.78,23.73
2021-03-20 03:00:00,1.7489,3.338,0.5688,0.5714,120,131.9267,31.4712,120,78.5086,78.6157,78.3715,0.0686,120,26.561,26.6118,26.5203,0.0272,120,1006.0172,1006.0549,1005.8351,0.0479,120,0,0,0,0,120,0,0,0,0,120,13.9,14.2604,13.2775,0.2361,120,120,0,0,0,0,0,120,3.4336,3.4342,3.4306,0.0008,0.5656,0.5661,0.5652,0.0003,0.7851,0.7862,0.7837,0.0007,-0.0001,-0.0001,-0.0001,0,-0.0043,-0.0039,-0.0046,0.0002,0,0,0,0,0,0,0,0,167.2667,340,39,62.1078,0,0,0,0,376.05,732,148,91.8394,34,40.8667,45,39,23.73,23.78,23.73
2021-03-20 03:10:00,1.6134,3.614,0.4584,0.7017,120,144.9673,28.4362,120,78.1594,78.3715,77.9748,0.1059,120,26.6306,26.6759,26.6088,0.0183,120,1006.1254,1006.238,1006.0182,0.0946,120,0,0,0,0,120,0,0,0,0,120,13.8713,14.2604,13.2775,0.2197,120,120,0,0,0,0,0,120,3.4354,3.4373,3.4336,0.0016,0.5663,0.5668,0.5661,0.0002,0.7816,0.7837,0.7797,0.0011,-0.0001,-0.0001,-0.0001,0,-0.0046,-0.0043,-0.0048,0.0001,0,0,0,0,0,0,0,0,152.5417,370,27,76.2677,0,0,0,0,407.8833,572,64,83.7454,34,41.0333,47,39,23.73,23.73,23.73
2021-03-20 03:20:00,1.9742,3.89,0.6884,0.6223,120,147.988,24.9672,120,77.7744,78.0053,77.5781,0.123,120,26.7077,26.737,26.6729,0.0173,120,1006.1692,1006.2197,1005.9999,0.0786,120,0,0,0,0,120,0,0,0,0,120,13.9123,14.2604,13.2775,0.2332,120,120,0,0,0,0,0,120,3.4362,3.437,3.4333,0.0013,0.5671,0.5674,0.5667,0.0002,0.7777,0.7801,0.7758,0.0012,-0.0001,-0.0001,-0.0001,0,-0.0046,-0.0043,-0.005,0.0002,0,0,0,0,0,0,0,0,191.7583,400,52,67.6394,0,0,0,0,419.3917,578,177,72.0543,34,40.9167,45,39,23.73,23.73,23.73
2021-03-20 03:30:00,1.3449,4.0004,0.302,0.6704,120,180.7191,39.8111,120,77.4046,77.6086,77.0592,0.1465,120,26.7186,26.7461,26.5935,0.0359,120,1006.2102,1006.4028,1005.9999,0.0465,120,0,0,0,0,120,0,0,0,0,120,13.6952,14.2604,13.2775,0.2354,120,120,0,0,0,0,0,120,3.4368,3.44,3.4333,0.0008,0.5672,0.5675,0.5659,0.0004,0.774,0.7761,0.7706,0.0015,-0.0001,-0.0001,-0.0001,0,-0.0044,-0.0042,-0.0047,0.0001,0,0,0,0,0,0,0,0,123.3583,412,10,72.8674,0,0,0,0,511.775,785,227,113.869,34,41.0167,47,39,23.73,23.73,23.68
2021-03-20 03:40:00,0.6441,1.9304,0,0.407,120,199.48,53.1114,120,77.4822,78.0969,76.9982,0.3557,120,26.2593,26.5874,26.09,0.1477,120,1006.167,1006.238,1006.0182,0.0813,120,0,0,0,0,120,0,0,0,0,120,13.5887,14.2604,12.786,0.2622,120,120,0,0,0,0,0,120,3.4361,3.4373,3.4336,0.0014,0.5626,0.5659,0.5609,0.0015,0.7748,0.781,0.77,0.0036,-0.0001,-0.0001,-0.0001,0,-0.0045,-0.0043,-0.0048,0.0001,0,0,0,0,0,0,0,0,49.85,187,0,40.4377,0,0,0,0,551.4333,960,75,163.913,33.4,41.0333,47,39,23.72,23.73,23.68
2021-03-20 03:50:00,1.1272,2.556,0,0.5427,120,146.5669,50.2608,120,78.5964,78.9819,78.0358,0.2969,120,26.1097,26.2395,26.0472,0.0577,120,1006.184,1006.4211,1005.9999,0.0751,120,0,0,0,0,120,0,0,0,0,120,13.9246,14.2604,13.2775,0.2626,120,120,0,0,0,0,0,120,3.4364,3.4404,3.4333,0.0013,0.5611,0.5624,0.5605,0.0006,0.786,0.7898,0.7804,0.003,-0.0001,-0.0001,-0.0001,0,-0.0045,-0.0042,-0.0048,0.0001,0,0,0,0,0,0,0,0,100.6417,255,0,57.1511,0,0,0,0,428.925,973,89,151.9687,33,41,47,39,23.71,23.73,23.68
2021-03-20 04:00:00,1.3363,2.5192,0.4124,0.4853,120,155.9057,35.0295,120,78.8781,79.0429,78.7072,0.1077,120,26.3956,26.4623,26.2426,0.067,120,1006.1806,1006.238,1005.9999,0.0703,120,0,0,0,0,120,0,0,0,0,120,13.8959,14.2604,13.2775,0.274,120,120,0,0,0,0,0,120,3.4363,3.4373,3.4333,0.0012,0.564,0.5646,0.5624,0.0007,0.7888,0.7904,0.7871,0.0011,-0.0001,-0.0001,-0.0001,0,-0.0044,-0.004,-0.0047,0.0002,0,0,0,0,0,0,0,0,122.425,251,22,52.7486,0,0,0,0,440.5083,719,18,102.8349,33,41,45,39,23.69,23.73,23.68
2021-03-20 04:10:00,1.5283,3.2644,0.4952,0.6266,120,167.506,35.6437,120,78.7047,78.8293,78.5241,0.0884,120,26.4833,26.5203,26.4531,0.0192,120,1006.198,1006.238,1005.9999,0.0389,120,0,0,0,0,120,0,0,0,0,120,13.7239,14.2604,13.2775,0.2384,120,120,0,0,0,0,0,120,3.4366,3.4373,3.4333,0.0006,0.5648,0.5652,0.5645,0.0002,0.787,0.7883,0.7852,0.0009,-0.0001,-0.0001,-0.0001,0,-0.0044,-0.0041,-0.0046,0.0001,0,0,0,0,0,0,0,0,143.2917,332,31,68.1075,0,0,0,0,470.675,770,72,107.0367,33,40.9333,43,39,23.68,23.73,23.68
2021-03-20 04:20:00,1.0035,2.28,0.4124,0.373,120,202.3144,32.3174,120,78.3743,78.8598,78.0969,0.1918,120,26.035,26.4562,25.5834,0.2746,120,1006.2847,1006.4028,1006.1831,0.0939,120,0,0,0,0,120,0,0,0,0,120,13.3225,13.7689,12.786,0.1911,120,120,0,0,0,0,0,120,3.4381,3.44,3.4364,0.0016,0.5604,0.5646,0.5558,0.0027,0.7837,0.7886,0.781,0.0019,-0.0001,-0.0001,-0.0001,0,-0.0044,-0.004,-0.0047,0.0002,0,0,0,0,0,0,0,0,86.25,225,22,40.5467,0,0,0,0,571.6917,743,314,92.7409,33,41.0667,47,39,23.68,23.73,23.68
2021-03-20 04:30:00,0.8363,1.5624,0.348,0.2594,120,218.6774,20.0644,120,79.6047,80.4468,78.8903,0.4593,120,25.2796,25.5742,25.0707,0.1555,120,1006.4089,1006.6042,1006.1831,0.1132,120,0,0,0,0,120,0,0,0,0,120,13.3921,13.7689,13.2775,0.2087,120,120,0,0,0,0,0,120,3.4401,3.4434,3.4364,0.0019,0.5528,0.5557,0.5507,0.0016,0.796,0.8045,0.7889,0.0046,-0.0001,-0.0001,-0.0001,0,-0.0046,-0.0042,-0.0049,0.0002,0,0,0,0,0,0,0,0,68.075,147,15,28.1903,0,0,0,0,620.9667,795,455,57.6738,33,41.0167,47,39,23.68,23.73,23.68
2021-03-20 04:40:00,0.6812,1.4796,0,0.2539,120,202.9099,33.4581,120,81.1075,81.7286,80.4468,0.3837,120,25.0266,25.0798,25.0066,0.0169,120,1006.605,1006.7873,1006.3845,0.0634,120,0,0,0,0,120,0,0,0,0,120,13.5232,13.7689,13.2775,0.2468,120,120,0,0,0,0,0,120,3.4434,3.4465,3.4397,0.0011,0.5503,0.5508,0.5501,0.0002,0.8111,0.8173,0.8045,0.0038,-0.0001,-0.0001,-0.0001,0,-0.0044,-0.0042,-0.0046,0.0001,0,0,0,0,0,0,0,0,51.6,138,0,26.7077,0,0,0,0,574.6333,851,264,97.3278,33,41.1,47,41,23.68,23.68,23.68
2021-03-20 04:50:00,1.3822,2.74,0.3112,0.6192,120,176.3197,37.6437,120,82.2718,82.5831,81.7286,0.2568,120,25.3139,25.5498,25.0493,0.183,120,1006.7032,1006.9704,1006.5676,0.11,120,0,0,0,0,120,0,0,0,0,120,13.9041,14.2604,13.2775,0.2986,120,120,0,0,0,0,0,120,3.4451,3.4495,3.4428,0.0018,0.5531,0.5555,0.5505,0.0018,0.8227,0.8258,0.8173,0.0026,-0.0001,-0.0001,-0.0001,0,-0.0042,-0.004,-0.0046,0.0002,0,0,0,0,0,0,0,0,127.4167,275,11,67.3063,0,0,0,0,495.2667,965,27,115.5074,33,41.1833,47,39,23.68,23.68,23.68
2021-03-20 05:00:00,1.4742,2.8596,0.302,0.568,120,161.2563,44.2459,120,82.2016,82.5831,81.8201,0.2564,120,25.4047,25.5467,25.3362,0.0591,120,1006.9042,1006.9887,1006.7507,0.0877,120,0,0,0,0,120,0,0,0,0,120,13.6829,14.2604,13.2775,0.2601,120,120,0,0,0,0,0,120,3.4484,3.4498,3.4458,0.0015,0.5541,0.5555,0.5534,0.0006,0.822,0.8258,0.8182,0.0026,-0.0001,-0.0001,-0.0001,0,-0.004,-0.0037,-0.0043,0.0002,0,0,0,0,0,0,0,0,137.4167,288,10,61.7358,0,0,0,0,448.3917,782,37,130.7834,33,41.0167,47,39,23.68,23.73,23.68
2021-03-20 05:10:00,1.3205,2.8872,0.302,0.5942,120,119.2524,47.5989,120,82.3166,82.6441,81.8201,0.172,120,25.348,25.4491,25.2843,0.0429,120,1006.7946,1006.9704,1006.5859,0.0765,120,0,0,0,0,120,0.5312,1.8319,0,0.6545,120,13.7976,14.2604,13.2775,0.1943,120,120,0,0.7096,2.4415,0,0.7724,120,3.4466,3.4495,3.4431,0.0013,0.5535,0.5545,0.5528,0.0004,0.8232,0.8264,0.8182,0.0017,-0.0001,-0.0001,-0.0001,0,-0.0043,-0.004,-0.0045,0.0001,0,0,0,0,0.0007,0.0024,0,0.0008,120.7083,291,10,64.589,0,0,0,0,353.1083,803,130,137.4884,33,40.9667,47,39,23.68,23.73,23.68
2021-03-20 05:20:00,0.688,1.3876,0,0.2858,120,131.33,43.3089,120,82.0884,82.4,81.7896,0.1642,120,25.5418,25.6169,25.4491,0.0445,120,1006.8395,1006.9704,1006.5859,0.0964,120,0,0,0,0,120,7.0495,19.4178,1.8319,4.5799,120,13.9043,15.2449,13.2775,0.4728,120,120,0,7.5762,18.6163,2.4415,4.3932,120,3.4473,3.4495,3.4431,0.0016,0.5554,0.5562,0.5545,0.0004,0.8209,0.824,0.8179,0.0016,-0.0001,-0.0001,-0.0001,0,-0.0038,-0.0035,-0.0044,0.0001,0.0001,0.0002,0,0,0.0076,0.0186,0.0024,0.0044,52.3333,128,0,30.2703,0,0,0,0,385.6333,1008,54,142.5153,33,41.15,47,39,23.68,23.68,23.63
2021-03-20 05:30:00,0.3845,0.8264,0,0.2012,120,261.6865,73.0859,120,81.6571,82.1863,81.2403,0.2582,120,25.7107,25.7787,25.6139,0.0507,120,1006.9131,1006.9704,1006.7507,0.0817,120,0,0,0,0,120,41.4851,51.6579,19.7839,8.573,120,41.6603,95.4012,14.2604,31.8916,120,120,0,39.3943,47.3037,19.2267,7.8579,120,3.4486,3.4495,3.4458,0.0014,0.5571,0.5578,0.5561,0.0005,0.8166,0.8219,0.8124,0.0026,-0.0003,-0.0001,-0.0006,0.0002,-0.004,-0.0035,-0.0044,0.0002,0.0003,0.0004,0.0002,0.0001,0.0394,0.0473,0.0192,0.0079,21.825,67,0,17.1766,0,0,0,0,642.0583,1015,1,239.6654,33,41.0167,47,39,23.7,23.73,23.68
2021-03-20 05:40:00,0.6468,1.8936,0.2284,0.2964,120,65.1542,83.0115,120,81.4155,81.637,81.1792,0.1052,120,25.8694,26.1785,25.7085,0.1464,120,1006.9926,1007.1718,1006.7507,0.08,120,0,0,0,0,120,72.7822,123.0996,41.0336,26.2088,120,152.2441,210.9636,33.9317,36.1588,120,120,0,60.5029,108.9511,35.4015,24.6969,120,3.4499,3.4529,3.4458,0.0013,0.5587,0.5618,0.5571,0.0015,0.8142,0.8164,0.8118,0.0011,-0.0009,-0.0002,-0.0013,0.0002,-0.0038,-0.0035,-0.0039,0.0001,0.0006,0.001,0.0003,0.0002,0.0605,0.109,0.0354,0.0247,47.4833,183,2,32.2164,0,0,0,0,424.2083,1013,0,299.7529,33,40.75,45,39,23.74,23.88,23.68
2021-03-20 05:50:00,1.0344,3.1908,0.3388,0.614,120,141.6485,53.6446,120,80.9626,81.2403,80.2026,0.2205,120,26.5177,26.795,26.1815,0.1956,120,1007.1392,1007.3366,1006.9521,0.0535,120,0,0,0,0,120,78.6991,124.5654,35.1717,34.8894,120,101.2489,225.2256,14.2604,94.7368,120,120,0,77.7154,115.36,37.843,28.3481,120,3.4523,3.4556,3.4492,0.0009,0.5652,0.5679,0.5618,0.002,0.8096,0.8124,0.802,0.0022,-0.0006,-0.0001,-0.0014,0.0006,-0.0038,-0.0035,-0.0041,0.0002,0.0007,0.001,0.0003,0.0003,0.0777,0.1154,0.0378,0.0283,89.6083,324,14,66.7385,0,0,0,0,412.9583,897,5,161.9917,33,40.6833,45,39,23.82,23.93,23.68
2021-03-20 06:00:00,1.2586,2.5376,0.2744,0.4722,120,185.7891,37.1906,120,80.3247,80.6909,79.989,0.1743,120,26.7213,26.7827,26.5294,0.0667,120,1007.2289,1007.355,1007.1352,0.0938,120,0,0,0,0,120,38.6183,48.7275,34.072,3.3395,120,14.7689,24.5875,13.7689,1.3821,120,120,0,36.8409,44.2518,35.4015,1.7078,120,3.4538,3.4559,3.4523,0.0016,0.5672,0.5678,0.5653,0.0007,0.8032,0.8069,0.7999,0.0017,-0.0001,-0.0001,-0.0002,0,-0.0035,-0.0032,-0.0039,0.0002,0.0003,0.0004,0.0003,0,0.0368,0.0443,0.0354,0.0017,113.975,253,7,51.3304,0,0,0,0,523.2583,951,79,112.8675,33,41,45,39,23.69,23.73,23.68
2021-03-20 06:10:00,1.1687,2.3812,0.3572,0.5082,120,176.6069,37.4642,120,80.3591,80.6909,80.05,0.1506,120,26.3497,26.5294,26.2304,0.0925,120,1007.3281,1007.5014,1007.1352,0.0465,120,0,0,0,0,120,64.0687,74.7395,49.0936,8.2813,120,15.2772,19.6697,13.7689,1.3445,120,120,0,59.1474,69.8874,44.2518,8.4798,120,3.4555,3.4584,3.4523,0.0008,0.5635,0.5653,0.5623,0.0009,0.8036,0.8069,0.8005,0.0015,-0.0001,-0.0001,-0.0001,0,-0.0035,-0.0031,-0.0038,0.0001,0.0005,0.0006,0.0004,0.0001,0.0591,0.0699,0.0443,0.0085,104.2083,236,16,55.2419,0,0,0,0,498.45,740,131,108.707,33,41,47,39,23.72,23.73,23.68
2021-03-20 06:20:00,1.9533,3.8992,0.5596,0.7884,120,155.273,33.8437,120,80.5506,80.8435,80.2637,0.1335,120,26.4443,26.6424,26.2792,0.1119,120,1007.3734,1007.5198,1007.3183,0.067,120,0,0,0,0,120,70.8619,142.8836,57.1537,18.857,120,32.0092,260.6316,13.7689,52.8461,120,120,0,63.7277,122.9896,49.7452,15.9879,120,3.4562,3.4587,3.4553,0.0011,0.5644,0.5664,0.5628,0.0011,0.8055,0.8084,0.8026,0.0013,-0.0002,-0.0001,-0.0016,0.0003,-0.004,-0.0036,-0.0044,0.0002,0.0006,0.0012,0.0005,0.0002,0.0637,0.123,0.0497,0.016,189.4917,401,38,85.6986,0,0,0,0,443.7667,944,138,103.2157,33,40.9333,45,39,23.74,23.83,23.68
2021-03-20 06:30:00,1.793,4.0648,0.2928,0.7778,120,146.3675,41.4853,120,79.7995,80.2637,79.2871,0.2997,120,26.7633,26.8865,26.6363,0.0748,120,1007.4607,1007.6846,1007.3183,0.0829,120,0,0,0,0,120,85.5623,250.9628,58.2521,25.1371,120,28.6611,539.4586,13.7689,61.9711,120,120,0,76.248,219.1229,49.7452,22.5553,120,3.4577,3.4614,3.4553,0.0014,0.5676,0.5689,0.5664,0.0008,0.798,0.8026,0.7929,0.003,-0.0002,-0.0001,-0.0033,0.0004,-0.0042,-0.004,-0.0044,0.0001,0.0007,0.0021,0.0005,0.0002,0.0762,0.2191,0.0497,0.0226,172.0667,419,9,84.5398,0,0,0,0,404.3083,692,18,123.0064,33,41.0167,47,39,23.75,23.83,23.68
2021-03-20 06:40:00,2.0058,4.2856,0.3572,0.7443,120,141.9346,34.2622,120,78.767,79.2566,78.28,0.2752,120,26.9815,27.0788,26.8865,0.0594,120,1007.5921,1007.7029,1007.3366,0.0932,120,0,0,0,0,120,112.3805,307.0168,89.0276,42.3863,120,46.2453,625.0242,13.7689,123.3714,120,120,0,102.0819,265.511,79.6533,35.943,120,3.4599,3.4617,3.4556,0.0016,0.5698,0.5708,0.5689,0.0006,0.7877,0.7926,0.7828,0.0028,-0.0003,-0.0001,-0.0039,0.0008,-0.0042,-0.004,-0.0046,0.0001,0.0009,0.0026,0.0007,0.0004,0.1021,0.2655,0.0797,0.0359,195.2,443,16,80.8979,0,0,0,0,405.225,894,84,104.7665,33,40.9833,47,39,23.82,23.93,23.73
2021-03-20 06:50:00,2.6389,5.27,0.6148,0.9907,120,142.278,32.8576,120,77.8207,78.2495,77.3949,0.2498,120,27.0459,27.0849,26.9903,0.0262,120,1007.5968,1007.8677,1007.4831,0.0938,120,0,0,0,0,120,64.8045,139.587,53.1236,17.2733,120,20.3831,196.7032,13.2775,25.0491,120,120,0,55.414,120.8533,41.5052,17.7359,120,3.4599,3.4645,3.4581,0.0016,0.5705,0.5708,0.5699,0.0003,0.7782,0.7825,0.7739,0.0025,-0.0001,-0.0001,-0.0012,0.0002,-0.0039,-0.0036,-0.0041,0.0001,0.0005,0.0012,0.0004,0.0001,0.0554,0.1209,0.0415,0.0177,264.0083,550,44,107.6825,0,0,0,0,408.9583,926,143,100.8651,33,41.0333,47,39,23.73,23.88,23.68
2021-03-20 07:00:00,1.7046,3.6416,0.5412,0.4677,120,130.3443,31.6649,120,77.3001,77.456,77.1508,0.0797,120,26.9868,27.0635,26.9597,0.0256,120,1007.7773,1007.886,1007.5014,0.1057,120,0,0,0,0,120,133.0926,455.3962,55.6879,65.5859,120,33.6361,640.2691,13.7689,83.2444,120,120,0,113.2847,429.0902,42.7259,61.962,120,3.463,3.4648,3.4584,0.0018,0.5699,0.5706,0.5696,0.0003,0.773,0.7746,0.7715,0.0008,-0.0002,-0.0001,-0.004,0.0005,-0.004,-0.0037,-0.0042,0.0001,0.0011,0.0038,0.0005,0.0005,0.1133,0.4291,0.0427,0.062,162.4583,373,36,50.8403,0,0,0,0,369.25,629,77,91.5811,33,40.8833,47,39,23.84,24.18,23.68
2021-03-20 07:10:00,1.4844,2.6572,0.5504,0.5174,120,96.8659,32.4027,120,76.8853,77.1203,76.5404,0.1693,120,27.2459,27.4816,27.0635,0.1149,120,1007.8741,1008.0691,1007.6846,0.0349,120,0,0,0,0,120,272.1295,505.5882,147.6471,141.0649,120,247.2315,729.2765,14.2604,297.7483,120,120,0,255.3306,475.7836,135.5022,135.1546,120,3.4646,3.4678,3.4614,0.0006,0.5725,0.5748,0.5706,0.0011,0.7689,0.7712,0.7654,0.0017,-0.0015,-0.0001,-0.0045,0.0018,-0.004,-0.0037,-0.0044,0.0001,0.0023,0.0042,0.0012,0.0012,0.2553,0.4758,0.1355,0.1352,138.5167,266,37,56.2373,0,0,0,0,278.45,580,27,94.9746,33,39.6833,45,39,24.36,24.67,24.13
2021-03-20 07:20:00,2.7279,4.9388,0.7804,0.979,120,138.0996,32.1604,120,75.8911,77.0898,74.4346,0.5506,120,27.9003,28.3514,27.4908,0.2785,120,1008.036,1008.1057,1007.8677,0.0805,120,0,0,0,0,120,434.4277,524.6399,177.3229,117.5282,120,570.6034,757.7989,39.8324,262.174,120,120,0,404.8865,489.5169,159.917,112.4003,120,3.4673,3.4684,3.4645,0.0013,0.579,0.5835,0.5749,0.0028,0.7589,0.7709,0.7443,0.0055,-0.0035,-0.0002,-0.0047,0.0016,-0.0039,-0.0035,-0.0045,0.0003,0.0036,0.0044,0.0015,0.001,0.4049,0.4895,0.1599,0.1124,273.6833,514,62,106.4174,0,0,0,0,392.5167,712,164,93.2061,33,39.1,45,37,24.74,24.82,24.67
2021-03-20 07:30:00,3.0676,5.546,1.2036,0.9525,120,133.5819,30.6907,120,73.0834,74.4041,71.9626,0.8074,120,28.3974,28.4429,28.33,0.0338,120,1008.1773,1008.2888,1008.0691,0.0927,120,0,0,0,0,120,485.0782,567.1393,180.2533,100.7914,120,656.9521,785.8298,54.0928,183.6141,120,120,0,452.9532,535.905,166.6311,94.684,120,3.4696,3.4715,3.4678,0.0015,0.584,0.5844,0.5833,0.0003,0.7308,0.744,0.7196,0.0081,-0.0041,-0.0003,-0.0049,0.0011,-0.0043,-0.004,-0.0045,0.0001,0.004,0.0047,0.0015,0.0008,0.453,0.5359,0.1666,0.0947,310.6083,580,108,103.5372,0,0,0,0,377.2,562,53,88.5691,33,39.2,45,39,24.68,24.77,24.57
2021-03-20 07:40:00,2.8444,5.2148,0.9092,1.0634,120,124.7643,38.9569,120,71.2437,72.4815,69.7043,0.8003,120,28.5881,28.7329,28.3422,0.1176,120,1008.2051,1008.2888,1008.0508,0.0929,120,0,0,0,0,120,589.878,627.5894,446.6038,24.5816,120,795.3491,810.4173,567.4895,23.7878,120,120,0,554.7349,592.3643,414.4414,24.3232,120,3.4701,3.4715,3.4675,0.0015,0.5859,0.5873,0.5834,0.0012,0.7124,0.7248,0.697,0.008,-0.0049,-0.0035,-0.005,0.0001,-0.0041,-0.0038,-0.0044,0.0001,0.0049,0.0052,0.0037,0.0002,0.5547,0.5924,0.4144,0.0243,286.35,544,76,115.5816,0,0,0,0,357.0417,688,105,110.8452,33,39.2167,45,37,24.63,24.67,24.57
2021-03-20 07:50:00,3.3359,6.8524,1.1024,1.1267,120,126.2686,37.8087,120,69.5451,70.2231,68.9108,0.3788,120,28.6848,28.7176,28.6383,0.0215,120,1008.3435,1008.4536,1008.0691,0.1032,120,0,0,0,0,120,599.6051,658.7311,233.0108,61.2995,120,786.7515,828.6126,164.739,91.337,120,120,0,563.3691,620.4413,195.3185,61.2014,120,3.4724,3.4742,3.4678,0.0017,0.5868,0.5872,0.5864,0.0002,0.6955,0.7022,0.6891,0.0038,-0.0049,-0.001,-0.0051,0.0006,-0.004,-0.0034,-0.0043,0.0002,0.005,0.0055,0.0019,0.0005,0.5634,0.6204,0.1953,0.0612,339.7667,722,97,122.4714,0,0,0,0,354.9583,556,47,108.1639,33.9,39.1,45,39,24.55,24.62,24.52
2021-03-20 08:00:00,2.5909,4.6536,0.6424,0.9111,120,133.2227,34.8062,120,68.6967,69.2465,67.5069,0.3687,120,28.8846,29.1693,28.7085,0.1502,120,1008.4155,1008.4719,1008.2522,0.072,120,0,0,0,0,120,605.8394,781.4646,238.5054,136.0544,120,679.8393,841.3986,51.1424,233.8561,120,120,0.1,574.3634,743.1257,216.9866,131.0247,120,3.4736,3.4745,3.4709,0.0012,0.5888,0.5917,0.5871,0.0015,0.687,0.6925,0.6751,0.0037,-0.0042,-0.0003,-0.0052,0.0015,-0.004,-0.0038,-0.0042,0.0001,0.005,0.0065,0.002,0.0011,0.5744,0.7431,0.217,0.131,258.7917,483,47,99.0333,0.0083,1,0,0.0913,380.075,790,111,102.5378,33.3,29.4833,39,27,24.69,24.82,24.57
2021-03-20 08:10:00,3.5553,6.7788,0.9,1.2202,120,139.3533,37.8788,120,67.5504,68.392,66.9881,0.3575,120,29.079,29.1754,28.9679,0.066,120,1008.4649,1008.8565,1008.2705,0.0916,120,0,0,0,0,120,732.3709,762.0468,276.9748,67.8903,120,810.8477,844.349,93.9252,105.8671,120,120,0,700.1506,735.8013,259.7125,64.7312,120,3.4744,3.4809,3.4712,0.0015,0.5908,0.5917,0.5897,0.0007,0.6755,0.6839,0.6699,0.0036,-0.005,-0.0006,-0.0052,0.0007,-0.0038,-0.0035,-0.0041,0.0001,0.0061,0.0063,0.0023,0.0006,0.7002,0.7358,0.2597,0.0647,363.6167,714,75,132.6302,0,0,0,0,396.6333,752,141,108.399,33,29.0833,33,29,24.78,24.87,24.72
2021-03-20 08:20:00,3.2159,5.7668,0.992,0.9991,120,116.7196,32.7966,120,67.4902,68.2394,66.9576,0.3333,120,29.0055,29.1327,28.9221,0.0697,120,1008.4956,1008.6734,1008.4536,0.07,120,0,0,0,0,120,816.0648,870.126,756.551,41.5604,120,849.0859,857.6265,843.3645,4.097,120,120,0,779.4224,837.7331,720.542,42.79,120,3.4749,3.4779,3.4742,0.0012,0.5901,0.5913,0.5892,0.0007,0.6749,0.6824,0.6696,0.0033,-0.0053,-0.0052,-0.0053,0,-0.0036,-0.003,-0.004,0.0003,0.0068,0.0072,0.0063,0.0003,0.7794,0.8377,0.7205,0.0428,326.7333,604,85,108.5978,0,0,0,0,335.025,659,62,96.2602,33,29.0333,33,27,24.86,24.92,24.72
2021-03-20 08:30:00,2.7957,6.144,0.762,1.0215,120,132.6353,41.4699,120,67.6366,68.6972,66.8661,0.4388,120,29.3492,29.5325,29.1266,0.0929,120,1008.6209,1008.8748,1008.4536,0.095,120,0,0,0,0,120,759.6502,994.6915,234.8427,212.1312,120,680.5523,865.4947,21.6371,299.9355,120,120,0,722.3375,965.6056,206.6103,209.7789,120,3.477,3.4812,3.4742,0.0016,0.5935,0.5953,0.5913,0.0009,0.6764,0.687,0.6687,0.0044,-0.0042,-0.0001,-0.0054,0.0019,-0.0038,-0.0035,-0.004,0.0001,0.0063,0.0083,0.002,0.0018,0.7223,0.9656,0.2066,0.2098,281.05,645,60,111.0327,0,0,0,0,375.425,700,66,118.1031,33,29.1167,35,27,24.89,25.07,24.77
2021-03-20 08:40:00,3.559,6.6776,1.4704,1.0973,120,127.7142,30.7553,120,67.2697,67.9952,66.5914,0.3649,120,29.351,29.5538,29.2212,0.1036,120,1008.7434,1008.8931,1008.4536,0.1008,120,0,0,0,0,120,824.3234,976.006,347.6843,187.7883,120,707.5376,877.7876,55.5688,255.3512,120,120,0,794.1984,957.6708,334.1777,184.0044,120,3.4791,3.4816,3.4742,0.0017,0.5935,0.5955,0.5922,0.001,0.6727,0.68,0.6659,0.0036,-0.0044,-0.0003,-0.0054,0.0016,-0.0036,-0.0031,-0.004,0.0002,0.0069,0.0081,0.0029,0.0016,0.7942,0.9577,0.3342,0.184,364.025,703,137,119.2666,0,0,0,0,361.2667,622,86,88.528,33,29.0667,35,27,25.01,25.07,24.97
2021-03-20 08:50:00,3.1764,5.27,0.6424,0.9435,120,105.2069,39.3949,120,67.4838,68.4225,66.8661,0.3292,120,29.3045,29.3921,29.2303,0.0412,120,1008.6847,1008.8931,1008.4719,0.0872,120,0,0,0,0,120,730.0811,1025.0996,259.7551,284.9827,120,550.6585,883.1969,15.2449,369.1306,120,120,0,699.998,992.7671,238.6547,283.4638,120,3.4781,3.4816,3.4745,0.0015,0.593,0.5939,0.5923,0.0004,0.6748,0.6842,0.6687,0.0033,-0.0034,-0.0001,-0.0055,0.0023,-0.0036,-0.0031,-0.004,0.0002,0.0061,0.0085,0.0022,0.0024,0.7,0.9928,0.2387,0.2835,322.4333,550,47,102.5542,0,0,0,0,310.1917,966,67,125.0981,33.6,29.15,35,27,25.02,25.07,24.92
2021-03-20 09:00:00,2.812,4.8652,0.3664,0.9554,120,150.3276,37.4887,120,68.1135,69.2465,67.2018,0.6113,120,29.0749,29.2273,28.9526,0.0823,120,1008.7204,1008.8931,1008.4902,0.0814,120,0,0,0,0,120,647.9962,1054.4094,247.6651,363.2573,120,466.3876,881.7225,14.2604,421.3472,120,120,0,623.1676,1016.5716,231.0251,355.4045,120,3.4787,3.4816,3.4748,0.0014,0.5907,0.5923,0.5895,0.0008,0.6811,0.6925,0.672,0.0061,-0.0029,-0.0001,-0.0055,0.0026,-0.0037,-0.0033,-0.004,0.0002,0.0054,0.0088,0.0021,0.003,0.6232,1.0166,0.231,0.3554,282.825,506,17,103.8509,0,0,0,0,424.0583,710,53,109.4637,34,30,33,27,25.05,25.27,24.87
2021-03-20 09:10:00,3.7457,6.6592,1.1484,1.3301,120,121.5108,34.3821,120,68.2193,69.216,67.1712,0.543,120,29.1626,29.3921,28.9862,0.1462,120,1008.6695,1008.8931,1008.3254,0.1013,120,0,0,0,0,120,696.6134,1172.0132,302.9868,328.3466,120,401.8239,894.0171,14.2604,369.5808,120,120,0,678.1111,1157.5671,285.0429,325.4879,120,3.4778,3.4816,3.4721,0.0017,0.5916,0.5939,0.5899,0.0015,0.6822,0.6922,0.6717,0.0054,-0.0025,-0.0001,-0.0055,0.0023,-0.0037,-0.0031,-0.0041,0.0003,0.0058,0.0098,0.0025,0.0027,0.6781,1.1576,0.285,0.3255,384.3167,701,102,144.5708,0,0,0,0,344.1083,551,76,97.8994,34,29.8833,33,27,25.22,25.37,25.07
2021-03-20 09:20:00,3.6128,6.1992,1.1484,1.0393,120,129.5498,33.2894,120,68.3767,69.1549,67.9037,0.2738,120,29.0833,29.1571,29.0106,0.0457,120,1008.7188,1008.9114,1008.4902,0.0879,120,0,0,0,0,120,696.0761,1248.5846,265.9832,346.9991,120,381.2396,902.3767,14.7535,369.3519,120,120,0,675.3746,1236.3048,244.4533,345.2945,120,3.4786,3.4819,3.4748,0.0015,0.5908,0.5916,0.5901,0.0005,0.6838,0.6915,0.679,0.0027,-0.0024,-0.0001,-0.0056,0.0023,-0.004,-0.0035,-0.0043,0.0002,0.0058,0.0104,0.0022,0.0029,0.6754,1.2363,0.2445,0.3453,369.875,651,102,112.9722,0,0,0,0,369.2167,689,170,95.5282,34,29.6667,33,27,25.28,25.52,25.07
2021-03-20 09:30:00,3.5183,7.2756,0.7712,1.328,120,123.4028,36.263,120,68.8264,70.1926,67.9037,0.5534,120,28.888,29.0106,28.7695,0.0662,120,1008.7141,1008.9114,1008.4902,0.0932,120,0,0,0,0,120,528.1632,1269.1008,253.1609,382.1238,120,221.6478,882.214,13.7689,339.7732,120,120,0,503.179,1232.9478,232.2459,378.5898,120,3.4786,3.4819,3.4748,0.0016,0.5889,0.5901,0.5877,0.0007,0.6883,0.7019,0.679,0.0055,-0.0014,-0.0001,-0.0055,0.0021,-0.004,-0.0037,-0.0044,0.0002,0.0044,0.0106,0.0021,0.0032,0.5032,1.2329,0.2322,0.3786,359.6,768,61,144.3456,0,0,0,0,353.175,683,162,103.4479,34.5,29.8,35,27,25.24,25.62,25.02
2021-03-20 09:40:00,2.8228,5.5368,0.8816,1.1784,120,146.2469,41.2372,120,70.0982,71.4438,68.4835,0.7291,120,28.7959,29.27,28.6413,0.1845,120,1008.713,1008.9297,1008.4902,0.0725,120,0,0,0,0,120,700.1061,1240.5246,271.1128,346.6809,120,337.1822,901.8837,14.2604,360.953,120,120,0,684.0571,1230.2011,249.3362,348.9891,120,3.4786,3.4822,3.4748,0.0012,0.588,0.5927,0.5864,0.0018,0.701,0.7144,0.6848,0.0073,-0.0021,-0.0001,-0.0056,0.0022,-0.004,-0.0037,-0.0045,0.0001,0.0058,0.0103,0.0023,0.0029,0.6841,1.2302,0.2493,0.349,284,579,73,128.0836,0,0,0,0,415.9833,772,86,120.281,35,28.8167,33,27,25.47,25.77,25.02
2021-03-20 09:50:00,3.2753,6.8248,1.0288,1.2238,120,117.8968,37.4383,120,69.4909,70.5588,68.0563,0.6352,120,29.256,29.3585,29.0899,0.093,120,1008.6801,1008.9114,1008.5086,0.0941,120,0,0,0,0,120,837.0302,1241.623,345.8523,305.4655,120,603.9691,914.6697,15.7364,392.9093,120,120,0,823.2978,1247.9019,336.0088,303.4086,120,3.478,3.4819,3.4751,0.0016,0.5926,0.5936,0.5909,0.0009,0.6949,0.7056,0.6806,0.0064,-0.0037,-0.0001,-0.0057,0.0024,-0.0042,-0.0039,-0.0045,0.0001,0.007,0.0103,0.0029,0.0025,0.8233,1.2479,0.336,0.3034,333.1833,719,89,133.0259,0,0,0,0,336.8,619,101,106.5061,35,27.5167,31,27,25.62,25.82,25.37
2021-03-20 10:00:00,3.5514,7.8644,1.0288,1.4176,120,126.3888,39.8414,120,68.2239,68.9718,67.2323,0.4498,120,29.2815,29.3555,29.2059,0.0463,120,1008.6821,1008.948,1008.5086,0.1154,120,0,0,0,0,120,932.3136,1199.491,268.1813,269.0092,120,740.7475,919.5875,17.2108,316.5335,120,120,0,906.3031,1197.5463,257.5762,271.1209,120,3.478,3.4825,3.4751,0.0019,0.5928,0.5936,0.5921,0.0005,0.6822,0.6897,0.6723,0.0045,-0.0046,-0.0001,-0.0057,0.002,-0.0044,-0.0039,-0.0048,0.0002,0.0078,0.01,0.0022,0.0022,0.9063,1.1975,0.2576,0.2711,363.1917,832,89,154.088,0,0,0,0,366.3917,981,129,122.9209,35,27.3333,33,27,26.05,26.57,25.37
2021-03-20 10:10:00,4.1041,7.9932,0.7712,1.4757,120,129.0684,38.2374,120,66.5555,67.4154,65.5843,0.4174,120,29.2168,29.331,29.0838,0.0656,120,1008.7039,1008.948,1008.3621,0.1166,120,0,0,0,0,120,961.5437,1161.7551,258.2893,225.2,120,796.5293,941.2246,20.6542,260.7146,120,120,0,929.0496,1127.0485,232.551,222.6177,120,3.4784,3.4825,3.4727,0.0019,0.5922,0.5933,0.5908,0.0007,0.6656,0.6742,0.6558,0.0042,-0.0049,-0.0001,-0.0058,0.0016,-0.0047,-0.0045,-0.005,0.0001,0.008,0.0097,0.0022,0.0019,0.929,1.127,0.2326,0.2226,423.275,846,61,160.3997,0,0,0,0,374.7583,987,104,120.5974,35.5,27.0667,31,25,26.76,27.27,25.62
2021-03-20 10:20:00,3.8557,8.352,1.0012,1.5565,120,116.2139,42.5881,120,65.4378,66.2557,64.8213,0.3643,120,29.2972,29.5264,29.1784,0.1033,120,1008.6474,1008.948,1008.5269,0.1078,120,0,0,0,0,120,1029.1631,1038.6555,1014.8415,4.9177,120,926.3944,935.3239,910.7364,5.8811,120,120,0,999.1226,1007.7212,986.053,4.7219,120,3.4775,3.4825,3.4754,0.0018,0.593,0.5953,0.5918,0.001,0.6544,0.6626,0.6482,0.0036,-0.0057,-0.0057,-0.0058,0,-0.0048,-0.0046,-0.005,0.0001,0.0086,0.0087,0.0085,0,0.9991,1.0077,0.9861,0.0047,396.275,885,86,169.1871,0,0,0,0,339.575,872,38,128.3725,36,26.5333,31,25,27.36,27.47,27.17
2021-03-20 10:30:00,4.1679,7.248,0.9644,1.2266,120,123.4722,30.3988,120,65.2735,66.2862,64.3635,0.4372,120,29.4884,29.5874,29.3493,0.0588,120,1008.5186,1008.7649,1008.3438,0.1073,120,0,0,0,0,120,1025.1209,1115.9592,303.3529,114.2399,120,897.6102,931.8821,125.398,121.3534,120,120,0,999.4405,1092.5626,259.4073,114.3009,120,3.4753,3.4794,3.4724,0.0018,0.5949,0.5959,0.5935,0.0006,0.6527,0.6629,0.6436,0.0044,-0.0056,-0.0008,-0.0058,0.0008,-0.0044,-0.0037,-0.0048,0.0003,0.0085,0.0093,0.0025,0.001,0.9994,1.0926,0.2594,0.1143,430.2083,765,82,133.3297,0,0,0,0,349.9167,543,133,86.4325,36,26.6667,29,25,27.32,27.52,26.17
2021-03-20 10:40:00,3.579,8.0852,0.716,1.2623,120,130.768,37.6561,120,65.8523,66.5914,65.0349,0.4514,120,29.3645,29.5782,29.2578,0.1109,120,1008.4527,1008.7649,1008.2156,0.0974,120,0,0,0,0,120,1052.6779,1062.1032,1043.4178,4.7098,120,928.8574,936.7999,917.1286,3.9632,120,120,0,1022.1157,1036.7138,1009.2471,5.6003,120,3.4742,3.4794,3.4703,0.0016,0.5937,0.5958,0.5926,0.0011,0.6585,0.6659,0.6503,0.0045,-0.0058,-0.0057,-0.0058,0,-0.0046,-0.0041,-0.005,0.0002,0.0088,0.0088,0.0087,0,1.0221,1.0367,1.0092,0.0056,366.2,856,55,137.2115,0,0,0,0,376.8333,996,64,117.6226,36,26.85,29,25,27.26,27.42,27.12
2021-03-20 10:50:00,3.8417,7.1928,1.0656,1.2805,120,122.8881,37.1909,120,65.9307,66.7745,65.3706,0.3052,120,29.4559,29.5721,29.3768,0.0507,120,1008.48,1008.7832,1008.1973,0.1242,120,0,0,0,0,120,1070.114,1113.7611,600.8451,51.5634,120,923.698,946.1424,339.3136,63.2631,120,120,0,1042.319,1114.2308,519.7302,55.4598,120,3.4747,3.4797,3.47,0.0021,0.5946,0.5957,0.5938,0.0005,0.6593,0.6677,0.6537,0.0031,-0.0057,-0.0021,-0.0059,0.0004,-0.0044,-0.0042,-0.0047,0.0001,0.0089,0.0093,0.005,0.0004,1.0423,1.1142,0.5197,0.0555,394.75,759,93,139.186,0,0,0,0,355.4167,774,126,110.0693,36,26.8333,31,25,27.22,27.37,27.07
2021-03-20 11:00:00,3.4758,6.7052,1.5716,0.931,120,129.7155,30.4639,120,66.2132,67.1407,65.0349,0.5813,120,29.3406,29.6301,29.2151,0.1208,120,1008.4329,1008.7649,1008.179,0.095,120,0,0,0,0,120,984.17,1191.0648,241.437,253.3884,120,798.4799,945.651,40.3239,264.8321,120,120,0,962.4037,1166.7226,221.5644,245.0219,120,3.4739,3.4794,3.4696,0.0016,0.5934,0.5963,0.5921,0.0012,0.6621,0.6714,0.6503,0.0058,-0.005,-0.0003,-0.0059,0.0016,-0.0041,-0.0035,-0.0048,0.0004,0.0082,0.0099,0.002,0.0021,0.9624,1.1667,0.2216,0.245,354.975,706,148,101.1969,0,0,0,0,366.725,545,152,87.1595,36,26.9833,31,25,27.09,27.57,25.92
2021-03-20 11:10:00,3.7579,7.524,1.5348,1.0766,120,134.0279,33.0618,120,65.9172,66.5914,65.0655,0.3951,120,29.6528,29.6973,29.5508,0.0428,120,1008.3607,1008.5818,1008.179,0.1058,120,0,0,0,0,120,999.2828,1211.2149,252.4286,280.113,120,787.2924,940.7332,21.6371,296.6979,120,120,0,972.3935,1199.0722,231.6355,282.4308,120,3.4727,3.4764,3.4696,0.0018,0.5965,0.597,0.5955,0.0004,0.6592,0.6659,0.6507,0.004,-0.0049,-0.0001,-0.0058,0.0018,-0.0038,-0.0033,-0.0042,0.0002,0.0083,0.0101,0.0021,0.0023,0.9724,1.1991,0.2316,0.2824,385.6417,795,144,117.0229,0,0,0,0,377.1083,576,31,95.562,36.5,26.9333,33,25,27.02,27.47,25.82
2021-03-20 11:20:00,3.495,7.202,0.7712,1.4716,120,129.0135,41.0166,120,65.9223,66.4998,65.4012,0.2632,120,29.5244,29.5752,29.4714,0.0283,120,1008.2756,1008.5635,1008.179,0.104,120,0,0,0,0,120,1084.6222,1181.1729,276.6086,187.6839,120,876.3621,939.7502,71.3052,186.9699,120,120,0,1050.8464,1150.853,243.8429,189.6064,120,3.4713,3.4761,3.4696,0.0017,0.5952,0.5958,0.5947,0.0003,0.6592,0.665,0.654,0.0026,-0.0054,-0.0004,-0.0058,0.0012,-0.004,-0.0036,-0.0044,0.0003,0.009,0.0098,0.0023,0.0016,1.0508,1.1509,0.2438,0.1896,357.0667,760,61,159.9524,0,0,0,0,372.25,971,58,125.4156,37,26.9167,31,25,27.12,27.37,26.22
2021-03-20 11:30:00,3.3737,6.5948,0.716,1.3194,120,148.4037,43.3037,120,65.2537,66.7745,63.1733,0.9117,120,29.8637,29.9872,29.566,0.1166,120,1008.2252,1008.417,1007.9958,0.0873,120,0,0,0,0,120,975.5848,1204.9868,230.4454,309.4757,120,744.8865,941.2246,16.2278,314.8907,120,120,0,955.3438,1184.4234,210.8829,308.4117,120,3.4704,3.4736,3.4666,0.0015,0.5986,0.5999,0.5957,0.0012,0.6525,0.6677,0.6317,0.0091,-0.0046,-0.0001,-0.0058,0.002,-0.0046,-0.0043,-0.005,0.0002,0.0081,0.01,0.0019,0.0026,0.9553,1.1844,0.2109,0.3084,343.8833,694,55,143.4164,0,0,0,0,415.5083,636,55,122.6334,37,26.8833,33,25,27.04,27.52,26.02
2021-03-20 11:40:00,3.7945,7.2296,0.9092,1.3262,120,133.5628,33.3038,120,64.1479,65.0044,63.3564,0.4517,120,29.7651,29.975,29.5203,0.1535,120,1008.0815,1008.3987,1007.831,0.1161,120,0,0,0,0,120,996.3885,1228.4346,163.0336,266.7061,120,791.5913,945.1595,15.2449,269.8211,120,120,0,970.1427,1207.9226,146.4889,272.2794,120,3.468,3.4733,3.4639,0.0019,0.5977,0.5998,0.5952,0.0015,0.6415,0.65,0.6336,0.0045,-0.0049,-0.0001,-0.0059,0.0017,-0.0047,-0.0045,-0.0049,0.0001,0.0083,0.0102,0.0014,0.0022,0.9701,1.2079,0.1465,0.2723,389.625,763,76,144.155,0,0,0,0,378.5333,597,89,95.4348,37,26.8333,31,25,27.06,27.32,25.82
2021-03-20 11:50:00,3.4275,6.7788,1.1024,1.1083,120,135.5089,35.5859,120,64.0215,65.2486,62.8986,0.6917,120,29.5758,29.6698,29.4836,0.0561,120,1007.9534,1008.1973,1007.8127,0.102,120,0,0,0,0,120,981.4193,1178.6074,159.3709,291.0073,120,818.5601,952.0432,15.2449,290.9458,120,120,0,959.1968,1152.3789,143.1318,284.2078,120,3.4659,3.47,3.4635,0.0017,0.5958,0.5967,0.5948,0.0006,0.6402,0.6525,0.629,0.0069,-0.0051,-0.0001,-0.0059,0.0018,-0.0046,-0.0044,-0.0048,0.0001,0.0082,0.0098,0.0013,0.0024,0.9592,1.1524,0.1431,0.2842,349.725,714,97,120.4658,0,0,0,0,388.0083,764,142,103.273,37,27.0667,33,25,26.99,27.66,25.67
2021-03-20 12:00:00,3.6335,6.0704,1.268,1.0944,120,120.806,31.6676,120,63.1784,65.0655,61.7389,0.9825,120,29.5997,29.7522,29.4531,0.0922,120,1007.8195,1008.0142,1007.6296,0.108,120,0,0,0,0,120,999.5301,1185.2029,196.3733,296.0942,120,803.1885,947.1254,17.2108,295.5519,120,120,0,971.6051,1158.4826,177.3125,296.3356,120,3.4637,3.4669,3.4605,0.0018,0.596,0.5975,0.5945,0.0009,0.6318,0.6507,0.6174,0.0098,-0.005,-0.0001,-0.0059,0.0018,-0.0044,-0.0039,-0.0047,0.0002,0.0083,0.0099,0.0016,0.0025,0.9716,1.1585,0.1773,0.2963,372.1167,637,115,118.9577,0,0,0,0,341.9,580,20,90.9652,37,27.1,31,25,27.04,27.47,25.97
2021-03-20 12:10:00,3.7022,7.0272,1.4888,1.1599,120,140.0109,32.5398,120,63.198,65.1265,61.7084,1.0304,120,29.7453,29.9292,29.5538,0.1291,120,1007.7113,1008.0142,1007.4648,0.1019,120,0,0,0,0,120,1095.6071,1137.9412,395.3121,76.6826,120,916.0102,941.7161,113.1051,88.1103,120,120,0,1066.7338,1113.6204,236.8236,86.3795,120,3.4619,3.4669,3.4577,0.0017,0.5975,0.5993,0.5955,0.0013,0.632,0.6513,0.6171,0.0103,-0.0057,-0.0007,-0.0058,0.0005,-0.0041,-0.0038,-0.0044,0.0001,0.0091,0.0095,0.0033,0.0006,1.0667,1.1136,0.2368,0.0864,379.5917,741,139,126.0746,0,0,0,0,398.7667,760,156,95.2023,37,27.85,31,25,27.11,27.27,26.92
2021-03-20 12:20:00,3.725,7.1008,0.578,1.3071,120,132.4982,33.8515,120,63.818,65.2181,62.5629,0.7123,120,29.7081,29.8376,29.6271,0.0599,120,1007.6226,1007.8494,1007.4465,0.0989,120,0,0,0,0,120,944.648,1195.461,208.8307,320.7101,120,710.5126,937.7828,22.1286,328.2265,120,120,0,915.4078,1154.21,188.2992,328.5222,120,3.4604,3.4642,3.4574,0.0016,0.5971,0.5984,0.5963,0.0006,0.6382,0.6522,0.6256,0.0071,-0.0044,-0.0001,-0.0058,0.002,-0.0041,-0.0028,-0.0046,0.0005,0.0079,0.01,0.0017,0.0027,0.9154,1.1542,0.1883,0.3285,382.0667,749,40,142.0765,0,0,0,0,374.0083,746,20,99.6332,37,27.9,31,25,27.09,27.52,25.72
2021-03-20 12:30:00,3.6698,6.4844,0.9644,1.2613,120,147.2282,32.0266,120,63.5352,64.9129,62.4409,0.7279,120,29.7795,29.9139,29.6118,0.0986,120,1007.4816,1007.6662,1007.2817,0.0879,120,0,0,0,0,120,1033.471,1182.2713,241.437,163.5924,120,868.6825,929.4231,38.8495,178.0025,120,120,0,1011.48,1178.0145,231.6355,165.8732,120,3.458,3.4611,3.4547,0.0015,0.5978,0.5991,0.5961,0.001,0.6354,0.6491,0.6244,0.0073,-0.0054,-0.0002,-0.0058,0.0011,-0.0037,-0.0031,-0.0041,0.0003,0.0086,0.0098,0.002,0.0014,1.0115,1.178,0.2316,0.1659,376.0667,682,82,137.0932,0,0,0,0,421.2,842,182,95.9035,37,28.1333,33,25,26.72,27.37,26.02
2021-03-20 12:40:00,3.5924,6.6316,1.1024,1.4449,120,132.8437,40.1783,120,62.5586,63.9668,60.6403,0.8878,120,29.984,30.2039,29.801,0.1312,120,1007.3434,1007.6479,1007.0803,0.1149,120,0,0,0,0,120,990.1662,1205.3529,257.557,239.352,120,784.5222,923.5224,29.9968,262.725,120,120,0,973.9982,1190.8322,247.1999,239.4707,120,3.4557,3.4608,3.4513,0.0019,0.5998,0.602,0.598,0.0013,0.6256,0.6397,0.6064,0.0089,-0.0049,-0.0002,-0.0057,0.0016,-0.0035,-0.0031,-0.0039,0.0002,0.0082,0.01,0.0021,0.002,0.974,1.1908,0.2472,0.2395,367.65,698,97,157.0506,0,0,0,0,375.8667,646,63,114.2955,37,28.45,33,27,26.08,26.27,25.92
2021-03-20 12:50:00,3.7417,7.0272,1.1484,1.1367,120,130.1577,38.5348,120,62.8424,63.9058,61.6474,0.7057,120,30.0295,30.1245,29.859,0.0704,120,1007.2158,1007.4648,1007.0803,0.0926,120,0,0,0,0,120,972.8553,1133.1777,265.2509,197.1159,120,815.5891,931.3906,26.5549,222.7352,120,120,0,956.0635,1134.0678,244.4533,196.1918,120,3.4536,3.4577,3.4513,0.0015,0.6003,0.6012,0.5986,0.0007,0.6284,0.6391,0.6165,0.0071,-0.0051,-0.0002,-0.0058,0.0014,-0.0043,-0.0039,-0.0045,0.0001,0.0081,0.0094,0.0022,0.0016,0.9561,1.1341,0.2445,0.1962,383.8833,741,102,123.5532,0,0,0,0,369.8583,623,125,108.3521,37,28.3167,33,27,26.11,26.32,25.97
2021-03-20 13:00:00,4.3649,7.9288,1.3876,1.4415,120,140.3719,31.0597,120,63.8793,65.9505,61.7389,1.3954,120,29.5602,29.8407,29.4287,0.1154,120,1007.1587,1007.4648,1006.8972,0.1214,120,0,0,0,0,120,936.2979,1139.407,230.4454,269.6375,120,754.1275,921.5549,28.5224,289.428,120,120,0,918.1977,1132.2367,210.5777,275.4477,120,3.4526,3.4577,3.4483,0.002,0.5956,0.5984,0.5943,0.0011,0.6388,0.6595,0.6174,0.014,-0.0047,-0.0002,-0.0057,0.0018,-0.0045,-0.0043,-0.0047,0.0001,0.0078,0.0095,0.0019,0.0022,0.9182,1.1322,0.2106,0.2754,451.625,839,128,156.6794,0,0,0,0,397.2417,634,216,88.7069,37,28.1833,33,27,26.1,26.32,25.97
2021-03-20 13:10:00,3.0131,5.776,0.8816,1.024,120,130.4793,37.8088,120,65.2788,66.1641,64.5466,0.3877,120,29.8311,29.9628,29.5416,0.1344,120,1007.0687,1007.2817,1006.8972,0.0844,120,0,0,0,0,120,764.1046,1154.0612,237.7731,354.9755,120,509.5967,919.5875,15.2449,378.6735,120,120,0,739.8628,1144.4441,215.1555,356.7308,120,3.4511,3.4547,3.4483,0.0014,0.5983,0.5996,0.5954,0.0013,0.6528,0.6616,0.6455,0.0039,-0.0032,-0.0001,-0.0057,0.0024,-0.0045,-0.0043,-0.0047,0.0001,0.0064,0.0096,0.002,0.003,0.7399,1.1444,0.2152,0.3567,304.6833,605,73,111.3021,0,0,0,0,368.125,654,132,107.3123,37,28.3833,33,27,26.13,26.47,26.02
2021-03-20 13:20:00,3.8215,7.386,1.1944,1.3886,120,139.2311,38.7726,120,64.7252,66.0115,63.4785,0.7467,120,29.6908,29.975,29.4592,0.1754,120,1007.0124,1007.3,1006.8972,0.1055,120,0,0,0,0,120,699.3367,1129.8812,202.2353,377.9758,120,494.926,920.079,14.7535,410.9512,120,120,0,684.4946,1112.3997,187.6888,376.1463,120,3.4502,3.455,3.4483,0.0018,0.5969,0.5998,0.5946,0.0018,0.6473,0.6601,0.6348,0.0075,-0.0031,-0.0001,-0.0057,0.0026,-0.0046,-0.0045,-0.0048,0.0001,0.0058,0.0094,0.0017,0.0031,0.6845,1.1124,0.1877,0.3761,392.5583,780,107,150.9309,0,0,0,0,392.6083,615,120,110.0908,37,28.35,33,27,26.14,26.37,25.92
2021-03-20 13:30:00,3.9141,6.3648,1.452,1.0431,120,141.8686,36.002,120,65.5828,66.2252,65.1265,0.2825,120,29.57,29.7125,29.447,0.0746,120,1007.0096,1007.3,1006.8972,0.114,120,0,0,0,0,120,717.4048,1096.5414,184.2833,365.3616,120,541.2413,910.7364,14.7535,398.2885,120,120,0,703.5813,1095.0041,167.8518,363.7018,120,3.4502,3.455,3.4483,0.0019,0.5957,0.5971,0.5945,0.0008,0.6558,0.6623,0.6513,0.0028,-0.0034,-0.0001,-0.0057,0.0025,-0.0047,-0.0044,-0.0049,0.0001,0.006,0.0091,0.0015,0.003,0.7036,1.095,0.1679,0.3637,402.6167,669,135,113.3848,0,0,0,0,404.0417,768,156,104.7793,37,28.35,33,27,26.13,26.32,25.97
2021-03-20 13:40:00,2.9813,6.742,0.5044,1.3152,120,148.2549,37.9476,120,65.0634,66.2557,63.7837,0.6633,120,29.7394,29.9353,29.4836,0.1549,120,1006.9332,1007.1169,1006.7141,0.0865,120,0,0,0,0,120,694.5159,1104.2353,228.2473,363.8511,120,482.7671,899.4264,14.2604,399.4815,120,120,0,678.0221,1090.7315,213.0192,361.9742,120,3.4489,3.4519,3.4452,0.0014,0.5974,0.5994,0.5948,0.0015,0.6506,0.6626,0.6378,0.0066,-0.003,-0.0001,-0.0056,0.0025,-0.0047,-0.0046,-0.0049,0.0001,0.0058,0.0092,0.0019,0.003,0.678,1.0907,0.213,0.362,301.2333,710,32,142.9515,0,0,0,0,418.8083,672,11,110.2976,37,28.3667,33,27,26.14,26.32,26.02
2021-03-20 13:50:00,3.8411,8.0208,1.084,1.3315,120,149.7938,32.7668,120,65.025,66.1946,63.9668,0.7335,120,29.5431,29.8163,29.3371,0.1623,120,1006.9275,1007.3,1006.7141,0.1097,120,0,0,0,0,120,683.3386,1079.6879,251.6951,312.4522,120,463.7239,901.3922,16.2278,362.7739,120,120,0,671.1554,1083.1019,238.3496,316.2908,120,3.4488,3.455,3.4452,0.0018,0.5954,0.5982,0.5934,0.0016,0.6503,0.6619,0.6397,0.0073,-0.0029,-0.0001,-0.0056,0.0023,-0.0047,-0.0045,-0.005,0.0001,0.0057,0.009,0.0021,0.0026,0.6712,1.0831,0.2383,0.3163,394.6833,849,95,144.7271,0,0,0,0,426.0917,707,192,94.2372,37,28.2667,33,27,26.14,26.37,26.02
2021-03-20 14:00:00,3.6568,8.1864,0.7436,1.6202,120,130.4308,41.4489,120,64.6148,66.5304,62.4104,1.3549,120,29.6895,29.8315,29.4562,0.1052,120,1006.8943,1007.3,1006.5493,0.1455,120,0,0,0,0,120,820.043,983.3337,197.473,204.9056,120,765.5035,888.6062,39.8324,249.965,120,120,0,809.6611,980.2545,177.6177,210.2727,120,3.4482,3.455,3.4425,0.0024,0.5969,0.5983,0.5946,0.001,0.6461,0.6653,0.6241,0.0135,-0.0048,-0.0002,-0.0055,0.0016,-0.0047,-0.0045,-0.0049,0.0001,0.0068,0.0082,0.0016,0.0017,0.8097,0.9803,0.1776,0.2103,374.65,867,58,176.1053,0,0,0,0,369.8,672,97,117.5648,37,28.2833,33,27,26.11,26.32,25.97
2021-03-20 14:10:00,3.4546,6.7328,0.7252,1.3945,120,126.2635,42.5735,120,63.7954,65.5843,61.6474,1.2462,120,29.9329,30.2222,29.6606,0.1879,120,1006.7377,1006.9155,1006.5127,0.0934,120,0,0,0,0,120,746.2319,971.976,208.0972,277.3957,120,634.8844,873.8543,14.7535,343.7702,120,120,0,731.5541,965.6056,194.4029,277.6686,120,3.4456,3.4486,3.4419,0.0016,0.5993,0.6022,0.5966,0.0019,0.638,0.6558,0.6165,0.0125,-0.0039,-0.0001,-0.0054,0.0021,-0.0043,-0.0035,-0.0048,0.0004,0.0062,0.0081,0.0017,0.0023,0.7316,0.9656,0.1944,0.2777,352.675,709,56,151.5733,0,0,0,0,362.725,855,52,128.7853,37,27.3167,33,27,26.13,26.47,25.97
2021-03-20 14:20:00,3.5822,7.892,0.7712,1.4532,120,123.8968,37.9982,120,63.699,64.8824,62.5935,0.5568,120,29.5509,29.8498,29.3982,0.1383,120,1006.6628,1006.9155,1006.4028,0.1069,120,0,0,0,0,120,561.979,901.2665,210.2953,267.4981,120,438.4884,863.5272,15.7364,358.738,120,120,0,551.8535,899.6857,195.6236,267.8203,120,3.4444,3.4486,3.44,0.0018,0.5955,0.5985,0.594,0.0014,0.637,0.6488,0.6259,0.0056,-0.0027,-0.0001,-0.0054,0.0022,-0.0041,-0.0038,-0.0043,0.0001,0.0047,0.0075,0.0018,0.0022,0.5519,0.8997,0.1956,0.2678,366.5417,835,61,157.9542,0,0,0,0,359.8583,952,88,117.5837,37,27.2,33,27,26.17,26.42,26.02
2021-03-20 14:30:00,3.2055,6.006,0.854,1.0016,120,130.3553,34.2208,120,64.5533,65.3401,63.9058,0.3354,120,29.7083,29.8041,29.5477,0.0563,120,1006.6462,1006.9155,1006.5127,0.107,120,0,0,0,0,120,569.2667,874.1561,240.3373,251.2935,120,451.8888,855.1676,16.7193,354.5242,120,120,0,557.652,862.7583,221.5644,252.9672,120,3.4441,3.4486,3.4419,0.0018,0.5971,0.598,0.5955,0.0006,0.6455,0.6534,0.6391,0.0034,-0.0028,-0.0001,-0.0053,0.0022,-0.0044,-0.0041,-0.0047,0.0001,0.0047,0.0073,0.002,0.0021,0.5577,0.8628,0.2216,0.253,325.6,630,70,108.8728,0,0,0,0,369.0333,876,14,106.3704,37,27.3167,33,27,26.16,26.42,26.02
2021-03-20 14:40:00,3.8846,6.972,0.7252,1.2689,120,137.401,32.7166,120,65.186,66.4083,64.5161,0.4901,120,29.6561,29.7339,29.5569,0.0533,120,1006.6826,1006.9338,1006.5127,0.1039,120,0,0,0,0,120,659.195,875.2545,302.2545,169.7946,120,499.1592,847.2994,22.1286,270.9228,120,120,0,646.6287,867.0308,290.5362,170.6029,120,3.4447,3.4489,3.4419,0.0017,0.5966,0.5973,0.5956,0.0005,0.6519,0.6641,0.6452,0.0049,-0.0031,-0.0001,-0.0053,0.0017,-0.0041,-0.0032,-0.0047,0.0005,0.0055,0.0073,0.0025,0.0014,0.6466,0.867,0.2905,0.1706,399.4167,735,56,137.9244,0,0,0,0,385.3917,569,100,95.1509,37,27.1667,33,27,26.14,26.27,26.02
2021-03-20 14:50:00,4.3992,8.0208,1.7188,1.2093,120,139.1311,34.3304,120,64.8986,65.6758,64.0584,0.3964,120,29.4122,29.679,29.0655,0.1787,120,1006.6965,1007.1169,1006.5127,0.1031,120,0,0,0,0,120,461.7619,859.8667,290.5306,184.0354,120,225.3318,768.6175,15.2449,242.3531,120,120,0,445.4024,836.8175,271.9199,185.34,120,3.4449,3.4519,3.4419,0.0017,0.5941,0.5968,0.5907,0.0018,0.649,0.6568,0.6406,0.004,-0.0014,-0.0001,-0.0048,0.0015,-0.0036,-0.0031,-0.0039,0.0002,0.0038,0.0072,0.0024,0.0015,0.4454,0.8368,0.2719,0.1853,455.35,849,164,131.4441,0,0,0,0,396.8917,883,8,106.0689,37,27.1333,33,27,26.18,26.32,26.02
2021-03-20 15:00:00,4.1863,6.8432,1.774,1.2411,120,147.3244,29.504,120,66.3872,67.2323,65.4927,0.4764,120,29.0137,29.0716,28.9495,0.0338,120,1006.6953,1006.9155,1006.5127,0.0828,120,0,0,0,0,120,390.3109,812.6062,279.539,107.9315,120,178.6229,809.4344,16.2278,174.0179,120,120,0,372.2571,792.5657,260.0177,107.4917,120,3.4449,3.4486,3.4419,0.0014,0.5901,0.5907,0.5895,0.0003,0.6639,0.6723,0.6549,0.0048,-0.0011,-0.0001,-0.005,0.0011,-0.0041,-0.0036,-0.0048,0.0003,0.0033,0.0068,0.0023,0.0009,0.3723,0.7926,0.26,0.1075,432.2083,721,170,134.8993,0,0,0,0,418.8833,764,125,86.824,37,27.1,33,27,26.19,26.32,26.02
2021-03-20 15:10:00,3.2508,5.3528,1.0472,1.0093,120,162.3179,35.8906,120,67.0337,67.8121,66.2557,0.3871,120,29.4324,29.8468,29.0503,0.2212,120,1006.7058,1006.9155,1006.4943,0.0648,120,0,0,0,0,120,560.4647,719.1813,263.0528,140.8321,120,580.0041,806.9755,53.1099,257.8122,120,120,0,546.0194,708.6398,255.7451,140.2282,120,3.4451,3.4486,3.4416,0.0011,0.5943,0.5985,0.5905,0.0022,0.6703,0.6781,0.6626,0.0039,-0.0036,-0.0003,-0.005,0.0016,-0.0041,-0.0035,-0.0045,0.0002,0.0047,0.006,0.0022,0.0012,0.546,0.7086,0.2557,0.1402,330.5167,559,91,109.7108,0,0,0,0,457.4083,743,107,105.4235,37,27.1667,33,27,26.17,26.27,25.97
2021-03-20 15:20:00,4.4218,8.7016,0.7988,1.4503,120,144.4529,35.2567,120,65.5182,67.1407,64.7908,0.4958,120,29.7287,29.9628,29.2761,0.1673,120,1006.682,1006.9155,1006.5127,0.11,120,0,0,0,0,120,475.7908,698.2989,139.2197,185.4178,120,411.4376,782.3864,13.7689,284.9014,120,120,0,465.1148,684.5302,138.8592,179.8105,120,3.4447,3.4486,3.4419,0.0018,0.5973,0.5996,0.5928,0.0017,0.6552,0.6714,0.6479,0.005,-0.0026,-0.0001,-0.0049,0.0018,-0.004,-0.0031,-0.0046,0.0004,0.004,0.0058,0.0012,0.0015,0.4651,0.6845,0.1389,0.1798,457.8,923,64,157.6467,0,0,0,0,417.75,1011,142,111.5227,37,27.4,33,25,26.17,26.32,25.92
2021-03-20 15:30:00,3.3779,8.1036,0.578,1.5972,120,134.652,35.1679,120,67.6466,68.6972,65.5843,0.915,120,28.853,29.2608,28.7481,0.1242,120,1006.6779,1007.0986,1006.4943,0.1006,120,0,0,0,0,120,190.7865,492.0336,122.7335,105.4888,120,104.4125,708.6239,13.2775,188.8188,120,120,0,179.5887,474.2576,112.9185,103.9594,120,3.4446,3.4516,3.4416,0.0017,0.5885,0.5926,0.5875,0.0012,0.6765,0.687,0.6558,0.0092,-0.0006,-0.0001,-0.0044,0.0012,-0.0036,-0.0033,-0.0043,0.0002,0.0016,0.0041,0.001,0.0009,0.1796,0.4743,0.1129,0.104,344.3417,858,40,173.6051,0,0,0,0,381.0583,599,124,100.2383,37,28.9667,33,27,25.73,26.37,25.27
2021-03-20 15:40:00,4.329,7.4596,1.9304,1.2738,120,137.6778,32.6591,120,68.3793,68.9413,67.8426,0.2821,120,28.8103,28.8824,28.7451,0.0379,120,1006.7345,1007.0986,1006.5127,0.0831,120,0,0,0,0,120,329.4815,506.6879,132.6255,141.0908,120,392.3903,741.0796,16.2278,290.3007,120,120,0,311.505,494.705,118.4118,139.6267,120,3.4456,3.4516,3.4419,0.0014,0.5881,0.5888,0.5875,0.0004,0.6838,0.6894,0.6784,0.0028,-0.0024,-0.0001,-0.0046,0.0018,-0.0036,-0.0033,-0.004,0.0002,0.0027,0.0042,0.0011,0.0012,0.3115,0.4947,0.1184,0.1396,447.7167,788,187,138.4522,0,0,0,0,394.0583,1019,41,106.422,37,28.35,33,27,26.11,26.42,25.47
2021-03-20 15:50:00,3.743,7.3216,1.2772,1.3685,120,143.4356,37.2105,120,68.5326,69.0024,67.568,0.383,120,28.8923,29.0533,28.7847,0.0892,120,1006.7515,1006.9155,1006.5127,0.092,120,0,0,0,0,120,261.401,437.4442,120.5354,121.4509,120,313.2091,712.5572,14.7535,282.9107,120,120,0,243.5631,411.9999,109.8666,117.3955,120,3.4459,3.4486,3.4419,0.0015,0.5889,0.5905,0.5878,0.0009,0.6853,0.69,0.6757,0.0038,-0.0019,-0.0001,-0.0044,0.0018,-0.0036,-0.0032,-0.004,0.0002,0.0022,0.0036,0.001,0.001,0.2436,0.412,0.1099,0.1174,384.0167,773,116,148.7459,0,0,0,0,420.1667,1015,39,129.6137,37,28.4667,33,27,26,26.47,25.42
2021-03-20 16:00:00,3.3021,6.5488,1.5716,0.9509,120,134.7499,34.6637,120,68.5443,69.2465,67.7206,0.4095,120,28.716,28.9404,28.6413,0.0827,120,1006.8293,1006.9155,1006.6958,0.09,120,0,0,0,0,120,141.687,359.7743,93.0576,67.824,120,96.5526,680.593,13.7689,180.1617,120,120,0,127.987,329.9051,79.6533,64.7193,120,3.4472,3.4486,3.4449,0.0015,0.5872,0.5894,0.5864,0.0008,0.6854,0.6925,0.6772,0.0041,-0.0006,-0.0001,-0.0042,0.0011,-0.0034,-0.003,-0.0039,0.0002,0.0012,0.003,0.0008,0.0006,0.128,0.3299,0.0797,0.0647,336.1,689,148,103.3598,0,0,0,0,382.3083,759,43,101.767,37,34.25,43,27,25.28,25.67,25.12
2021-03-20 16:10:00,3.7886,7.1376,1.1668,1.2702,120,134.3048,31.9078,120,69.0016,69.3991,68.392,0.2904,120,28.4926,28.6688,28.4185,0.0811,120,1006.8017,1007.0803,1006.6958,0.103,120,0,0,0,0,120,166.4565,337.7923,93.7899,83.7974,120,163.7144,621.5823,13.7689,222.8998,120,120,0,152.2568,310.9836,83.9259,77.9545,120,3.4467,3.4513,3.4449,0.0017,0.5849,0.5867,0.5842,0.0008,0.69,0.694,0.6839,0.0029,-0.001,-0.0001,-0.0039,0.0014,-0.0039,-0.0033,-0.0043,0.0003,0.0014,0.0028,0.0008,0.0007,0.1523,0.311,0.0839,0.078,388.9833,753,104,138.06,0,0,0,0,385.8,932,135,100.6379,37.3,38.2167,43,37,25.42,26.37,25.02
2021-03-20 16:20:00,3.4515,6.236,0.9736,1.2281,120,128.8939,36.942,120,69.0494,69.6127,68.3309,0.3033,120,28.5606,28.7542,28.4399,0.094,120,1006.872,1007.0803,1006.6958,0.0896,120,0,0,0,0,120,178.6566,306.2845,79.8679,66.9389,120,352.3038,610.7638,15.2449,256.0814,120,120,0,159.8509,281.3807,72.6341,57.538,120,3.4479,3.4513,3.4449,0.0015,0.5856,0.5875,0.5844,0.0009,0.6905,0.6961,0.6833,0.003,-0.0022,-0.0001,-0.0038,0.0016,-0.0038,-0.0034,-0.0042,0.0002,0.0015,0.0026,0.0007,0.0006,0.1599,0.2814,0.0726,0.0575,352.3333,655,83,133.4904,0,0,0,0,364.575,603,67,105.1818,38,38.05,43,37,25.27,26.37,25.07
2021-03-20 16:30:00,3.6602,7.892,1.3876,1.3231,120,144.4345,32.1622,120,67.307,68.4225,66.2862,0.6341,120,28.8718,28.9251,28.7573,0.045,120,1006.908,1007.0986,1006.6958,0.0833,120,0,0,0,0,120,173.616,213.2269,60.4514,38.6148,120,468.8094,555.195,35.4061,135.2774,120,120,0,149.0549,185.8577,52.797,34.3998,120,3.4485,3.4516,3.4449,0.0014,0.5887,0.5893,0.5876,0.0004,0.6731,0.6842,0.6629,0.0063,-0.0029,-0.0002,-0.0034,0.0008,-0.0036,-0.0034,-0.0039,0.0001,0.0014,0.0018,0.0005,0.0003,0.1491,0.1859,0.0528,0.0344,375.0167,835,128,143.8152,0,0,0,0,408.2417,706,37,94.2861,38,38.4667,43,37,25.12,25.27,24.92
2021-03-20 16:40:00,3.446,6.5948,0.6056,1.2314,120,133.2871,31.4058,120,66.4408,66.8355,65.981,0.2348,120,28.7793,28.8183,28.7298,0.0286,120,1006.9445,1007.2634,1006.6958,0.1002,120,0,0,0,0,120,130.2837,157.9052,71.8079,15.9379,120,435.2552,493.7254,130.3158,61.5663,120,120,0,104.8972,129.7037,62.2578,13.4586,120,3.4491,3.4544,3.4449,0.0017,0.5878,0.5882,0.5873,0.0003,0.6644,0.6684,0.6598,0.0023,-0.0027,-0.0008,-0.0031,0.0004,-0.0037,-0.0034,-0.0039,0.0001,0.0011,0.0013,0.0006,0.0001,0.1049,0.1297,0.0623,0.0135,351.7417,694,43,133.8466,0,0,0,0,376.8083,554,158,89.6767,38,39.0333,45,37,24.89,24.97,24.82
2021-03-20 16:50:00,2.9327,6.9536,1.038,1.2461,120,146.838,31.2024,120,66.8269,67.4154,66.2557,0.3677,120,28.6796,28.7512,28.623,0.0325,120,1007.0147,1007.2817,1006.8789,0.0963,120,0,0,0,0,120,86.0294,113.2077,42.4982,16.6043,120,335.8584,432.2559,33.9317,93.7652,120,120,0,65.8895,88.1985,36.317,12.5256,120,3.4502,3.4547,3.448,0.0016,0.5868,0.5875,0.5862,0.0003,0.6683,0.6742,0.6626,0.0037,-0.0021,-0.0002,-0.0027,0.0006,-0.0035,-0.0032,-0.0039,0.0002,0.0007,0.0009,0.0004,0.0001,0.0659,0.0882,0.0363,0.0125,295.9417,733,90,135.4413,0,0,0,0,422.8333,985,170,100.7305,38,39.05,45,37,24.78,24.87,24.72
2021-03-20 17:00:00,2.9887,5.454,1.2496,1.0349,120,133.5995,33.4924,120,67.1669,67.5069,66.5304,0.2636,120,28.612,28.7725,28.4399,0.0973,120,1007.0806,1007.2817,1006.8789,0.0812,120,0,0,0,0,120,53.3158,75.1056,29.6759,13.01,120,247.3584,343.7383,61.4695,75.3626,120,120,0,38.0744,54.3229,25.3304,8.9856,120,3.4513,3.4547,3.448,0.0014,0.5861,0.5877,0.5844,0.001,0.6717,0.6751,0.6653,0.0026,-0.0015,-0.0004,-0.0021,0.0005,-0.0036,-0.0033,-0.004,0.0001,0.0004,0.0006,0.0002,0.0001,0.0381,0.0543,0.0253,0.009,302.0333,570,113,112.4848,0,0,0,0,377.05,581,121,95.8377,38,39.1167,45,37,24.72,24.77,24.67
2021-03-20 17:10:00,3.7238,7.386,1.4152,1.1659,120,142.4326,27.5674,120,67.6906,68.2699,67.2628,0.2727,120,28.2452,28.4429,28.0401,0.1115,120,1007.161,1007.4465,1007.062,0.1003,120,0,0,0,0,120,19.6771,39.5678,10.9916,6.657,120,62.9983,209.9807,15.7364,49.6051,120,120,0,16.2282,26.8563,10.9867,3.9098,120,3.4527,3.4574,3.451,0.0017,0.5825,0.5844,0.5804,0.0011,0.6769,0.6827,0.6726,0.0027,-0.0004,-0.0001,-0.0013,0.0003,-0.0034,-0.003,-0.0038,0.0003,0.0002,0.0003,0.0001,0.0001,0.0162,0.0269,0.011,0.0039,381.9333,780,131,126.7304,0,0,0,0,405.9583,740,232,80.611,38,39.15,45,39,24.66,24.72,24.62
2021-03-20 17:20:00,3.0388,5.8404,0.854,1.1914,120,133.1058,31.8085,120,69.0324,69.6432,68.3004,0.3984,120,27.9222,28.0401,27.8631,0.0505,120,1007.3075,1007.4465,1007.062,0.0973,120,0,0,0,0,120,5.9565,10.9916,1.4658,2.6281,120,14.2403,16.2278,13.2775,0.6097,120,120,0,6.7573,10.9867,3.0518,2.3199,120,3.4551,3.4574,3.451,0.0016,0.5792,0.5804,0.5786,0.0005,0.6903,0.6964,0.683,0.004,-0.0001,-0.0001,-0.0001,0,-0.0031,-0.0028,-0.0034,0.0001,0.0001,0.0001,0,0,0.0068,0.011,0.0031,0.0023,307.475,612,70,129.5026,0,0,0,0,376.5583,621,112,91.9444,38,39.2667,45,39,24.63,24.67,24.62
2021-03-20 17:30:00,2.6184,5.2976,0.6148,0.9863,120,146.7769,41.5115,120,69.7956,70.0095,69.5822,0.12,120,27.8368,27.8723,27.799,0.0166,120,1007.3975,1007.6113,1007.2451,0.0748,120,0,0,0,0,120,0.4794,1.8319,0,0.6099,120,13.7771,14.2604,13.2775,0.1272,120,120,0,1.4115,3.357,0,1.0617,120,3.4566,3.4602,3.4541,0.0012,0.5784,0.5787,0.578,0.0002,0.698,0.7001,0.6958,0.0012,-0.0001,-0.0001,-0.0001,0,-0.0033,-0.0029,-0.0036,0.0002,0,0,0,0,0.0014,0.0034,0,0.0011,261.7833,553,44,107.2026,0,0,0,0,422.0083,895,107,124.3707,38,39.2167,45,37,24.62,24.67,24.57
2021-03-20 17:40:00,3.2979,5.8588,0.808,1.1906,120,145.8549,30.0232,120,70.0418,70.2231,69.7348,0.1263,120,27.7378,27.799,27.6983,0.025,120,1007.439,1007.6296,1007.2451,0.0769,120,0,0,0,0,120,0,0,0,0,120,13.8181,14.7535,13.2775,0.2152,120,120,0,0,0,0,0,120,3.4573,3.4605,3.4541,0.0013,0.5774,0.578,0.577,0.0003,0.7004,0.7022,0.6973,0.0013,-0.0001,-0.0001,-0.0001,0,-0.0032,-0.0028,-0.0036,0.0002,0,0,0,0,0,0,0,0,335.6417,614,65,129.4172,0,0,0,0,412.4667,677,5,89.8602,38,39.15,45,37,24.6,24.62,24.52
2021-03-20 17:50:00,2.4106,4.9388,0.302,0.9001,120,142.5433,32.3603,120,70.4395,70.6503,70.1926,0.1212,120,27.679,27.7044,27.6586,0.0104,120,1007.5715,1007.6296,1007.4099,0.0771,120,0,0,0,0,120,0,0,0,0,120,13.7689,14.2604,13.2775,0.1425,120,120,0,0,0,0,0,120,3.4595,3.4605,3.4568,0.0013,0.5768,0.577,0.5766,0.0001,0.7044,0.7065,0.7019,0.0012,-0.0001,-0.0001,-0.0001,0,-0.0035,-0.0031,-0.0039,0.0002,0,0,0,0,0,0,0,0,239.2,514,10,97.8387,0,0,0,0,403.9083,694,137,93.8543,38,39.1167,45,37,24.58,24.62,24.57
2021-03-20 18:00:00,2.8243,5.5644,0.6884,0.9759,120,138.4791,25.0195,120,70.6325,70.7724,70.4367,0.0935,120,27.6234,27.6708,27.5976,0.0189,120,1007.6336,1007.7944,1007.4282,0.0796,120,0,0,0,0,120,0,0,0,0,120,13.8672,14.2604,13.2775,0.2074,120,120,0,0,0,0,0,120,3.4606,3.4632,3.4571,0.0013,0.5762,0.5767,0.576,0.0002,0.7063,0.7077,0.7044,0.0009,-0.0001,-0.0001,-0.0001,0,-0.0038,-0.0035,-0.0042,0.0002,0,0,0,0,0,0,0,0,284.1583,582,52,106.0711,0,0,0,0,392.65,576,182,71.8068,38,39.1667,45,37,24.57,24.62,24.57
2021-03-20 18:10:00,2.5788,5.0124,1.2128,0.704,120,141.5158,31.1856,120,70.8289,70.9861,70.7114,0.0635,120,27.5959,27.6159,27.5671,0.01,120,1007.6701,1007.7944,1007.593,0.0866,120,0,0,0,0,120,0,0,0,0,120,13.9123,14.2604,13.2775,0.2417,120,120,0,0,0,0,0,120,3.4612,3.4632,3.4599,0.0014,0.576,0.5762,0.5757,0.0001,0.7083,0.7099,0.7071,0.0006,-0.0001,-0.0001,-0.0001,0,-0.0033,-0.0029,-0.0037,0.0002,0,0,0,0,0,0,0,0,257.4833,522,109,76.5219,0,0,0,0,397.275,558,78,91.2381,38,39.1333,45,39,24.54,24.57,24.52
2021-03-20 18:20:00,2.4556,4.81,0.5136,0.9183,120,145.8814,30.3208,120,71.162,71.3523,70.9555,0.1186,120,27.5952,27.6281,27.5732,0.0139,120,1007.8262,1007.9775,1007.7578,0.0784,120,0,0,0,0,120,0,0,0,0,120,13.8754,14.2604,13.7689,0.2033,120,120,0,0,0,0,0,120,3.4638,3.4663,3.4626,0.0013,0.5759,0.5763,0.5757,0.0001,0.7116,0.7135,0.7096,0.0012,-0.0001,-0.0001,-0.0001,0,-0.003,-0.0028,-0.0032,0.0001,0,0,0,0,0,0,0,0,244.0917,500,33,99.8158,0,0,0,0,410.0167,575,41,88.7684,38,39.1833,45,37,24.52,24.57,24.52
2021-03-20 18:30:00,2.8854,5.3252,1.2036,1.07,120,149.3193,35.8845,120,71.412,71.5659,71.2607,0.0915,120,27.6033,27.6281,27.5793,0.0123,120,1007.9698,1008.179,1007.7761,0.071,120,0,0,0,0,120,0,0,0,0,120,13.9205,14.2604,13.7689,0.2279,120,120,0,0,0,0,0,120,3.4662,3.4696,3.4629,0.0012,0.576,0.5763,0.5758,0.0001,0.7141,0.7157,0.7126,0.0009,-0.0001,-0.0001,-0.0001,0,-0.0031,-0.0029,-0.0034,0.0001,0,0,0,0,0,0,0,0,290.8,556,108,116.3074,0,0,0,0,430.9833,949,44,113.1871,37.5,39.1333,45,39,24.52,24.52,24.48
2021-03-20 18:40:00,2.6112,5.1688,0.8816,0.9922,120,159.1855,33.44,120,71.628,71.8711,71.4438,0.1283,120,27.6046,27.6495,27.5823,0.0174,120,1008.019,1008.1606,1007.9409,0.0848,120,0,0,0,0,120,0,0,0,0,120,13.9614,14.2604,13.2775,0.2492,120,120,0,0,0,0,0,120,3.467,3.4693,3.4657,0.0014,0.576,0.5765,0.5758,0.0002,0.7163,0.7187,0.7144,0.0013,-0.0001,-0.0001,-0.0001,0,-0.0031,-0.0029,-0.0034,0.0001,0,0,0,0,0,0,0,0,261,539,73,107.8456,0,0,0,0,451.5667,713,169,96.3317,37,39.2167,45,39,24.49,24.52,24.48
2021-03-20 18:50:00,2.3883,4.5524,0.8356,0.8493,120,149.3114,37.0349,120,71.7533,71.8711,71.6269,0.0563,120,27.599,27.6434,27.5579,0.0255,120,1008.076,1008.1606,1007.9409,0.0881,120,0,0,0,0,120,0,0,0,0,120,13.8754,14.2604,13.7689,0.2033,120,120,0,0,0,0,0,120,3.4679,3.4693,3.4657,0.0015,0.576,0.5764,0.5756,0.0003,0.7175,0.7187,0.7163,0.0006,-0.0001,-0.0001,-0.0001,0,-0.0035,-0.003,-0.0039,0.0002,0,0,0,0,0,0,0,0,236.775,472,68,92.3195,0,0,0,0,432.5667,1017,187,115.1267,37,39.2,45,39,24.48,24.52,24.48
2021-03-20 19:00:00,2.4764,4.3868,0.8816,0.7912,120,146.2048,30.783,120,71.9202,72.0542,71.7185,0.0905,120,27.5091,27.5579,27.4847,0.0167,120,1008.2017,1008.3438,1008.1057,0.0911,120,0,0,0,0,120,0,0,0,0,120,13.8959,14.2604,13.7689,0.216,120,120,0,0,0,0,0,120,3.47,3.4724,3.4684,0.0015,0.5751,0.5756,0.5748,0.0002,0.7192,0.7205,0.7172,0.0009,-0.0001,-0.0001,-0.0001,0,-0.0039,-0.0038,-0.0041,0.0001,0,0,0,0,0,0,0,0,246.35,454,73,86.0025,0,0,0,0,419.425,860,223,93.8368,37,39.1333,45,39,24.47,24.48,24.43
2021-03-20 19:10:00,2.0137,4.1936,0.7252,0.7604,120,146.7817,35.989,120,72.1592,72.2983,71.9321,0.0914,120,27.4924,27.5243,27.4663,0.0142,120,1008.2307,1008.3438,1008.124,0.0968,120,0,0,0,0,120,0,0,0,0,120,13.9287,14.2604,13.7689,0.2312,120,120,0,0,0,0,0,120,3.4705,3.4724,3.4687,0.0016,0.5749,0.5752,0.5747,0.0001,0.7216,0.723,0.7193,0.0009,-0.0001,-0.0001,-0.0001,0,-0.0039,-0.0035,-0.0043,0.0002,0,0,0,0,0,0,0,0,196.05,433,56,82.6534,0,0,0,0,423.8833,997,111,116.5485,37,39.0833,41,39,24.44,24.48,24.43
2021-03-20 19:20:00,2.3987,5.0584,0.7528,0.8734,120,143.2447,34.0088,120,72.3299,72.4204,72.2068,0.0583,120,27.517,27.5274,27.4999,0.006,120,1008.3329,1008.5269,1008.124,0.1069,120,0,0,0,0,120,0,0,0,0,120,13.945,14.2604,13.7689,0.2366,120,120,0,0,0,0,0,120,3.4722,3.4754,3.4687,0.0018,0.5752,0.5753,0.575,0.0001,0.7233,0.7242,0.7221,0.0006,-0.0001,-0.0001,-0.0001,0,-0.0035,-0.0033,-0.0038,0.0001,0,0,0,0,0,0,0,0,237.9,527,59,94.9306,0,0,0,0,402.6167,627,74,98.9916,37,39.2667,45,39,24.43,24.43,24.43
2021-03-20 19:30:00,3.446,5.9416,1.4336,1.0197,120,145.9815,23.9791,120,72.423,72.512,72.2983,0.0562,120,27.4761,27.503,27.448,0.0115,120,1008.4605,1008.5269,1008.3254,0.0782,120,0,0,0,0,120,0,0,0,0,120,14.0229,14.2604,13.7689,0.2466,120,120,0,0,0,0,0,120,3.4743,3.4754,3.4721,0.0013,0.5748,0.575,0.5745,0.0001,0.7242,0.7251,0.723,0.0006,-0.0001,-0.0001,-0.0001,0,-0.0037,-0.0034,-0.0039,0.0001,0,0,0,0,0,0,0,0,351.7417,623,133,110.8392,0,0,0,0,414.8667,676,259,69.3363,37,39.1833,45,39,24.42,24.43,24.38
2021-03-20 19:40:00,3.0658,6.4016,0.854,0.9508,120,151.6848,27.5764,120,72.5908,72.6646,72.4815,0.0442,120,27.4852,27.4999,27.4694,0.0073,120,1008.4417,1008.6917,1008.3071,0.09,120,0,0,0,0,120,0,0,0,0,120,13.9942,14.2604,13.7689,0.2459,120,120,0,0,0,0,0,120,3.474,3.4782,3.4718,0.0015,0.5748,0.575,0.5747,0.0001,0.7259,0.7266,0.7248,0.0004,-0.0001,-0.0001,-0.0001,0,-0.0039,-0.0034,-0.0041,0.0002,0,0,0,0,0,0,0,0,310.4167,673,70,103.3518,0,0,0,0,429.6333,604,159,79.7152,37,39.15,45,39,24.38,24.43,24.38
2021-03-20 19:50:00,2.6146,5.5092,1.0564,0.8719,120,141.122,32.8164,120,72.6458,72.6951,72.573,0.0343,120,27.4425,27.4786,27.3962,0.0255,120,1008.5035,1008.71,1008.3254,0.0462,120,0,0,0,0,120,0,0,0,0,120,13.9328,14.2604,13.7689,0.2326,120,120,0,0,0,0,0,120,3.4751,3.4785,3.4721,0.0008,0.5744,0.5748,0.574,0.0003,0.7265,0.727,0.7257,0.0003,-0.0001,-0.0001,-0.0001,0,-0.0039,-0.0034,-0.0041,0.0001,0,0,0,0,0,0,0,0,261.375,576,92,94.7742,0,0,0,0,398.5417,612,152,94.0422,37,39.25,45,39,24.38,24.43,24.38
2021-03-20 20:00:00,2.7283,4.5892,1.0196,0.8131,120,148.2651,30.4567,120,72.7205,72.7866,72.6646,0.0368,120,27.3766,27.4053,27.3534,0.0148,120,1008.6074,1008.71,1008.4902,0.096,120,0,0,0,0,120,0,0,0,0,120,13.9368,14.2604,13.2775,0.2426,120,120,0,0,0,0,0,120,3.4768,3.4785,3.4748,0.0016,0.5738,0.574,0.5735,0.0001,0.7272,0.7279,0.7266,0.0004,-0.0001,-0.0001,-0.0001,0,-0.004,-0.0035,-0.0043,0.0002,0,0,0,0,0,0,0,0,273.7333,476,88,88.3789,0,0,0,0,425.3417,958,199,94.9147,37,39.15,45,39,24.36,24.38,24.32
2021-03-20 20:10:00,2.7885,4.764,1.0288,0.7641,120,149.5219,23.6143,120,72.8388,72.9698,72.6951,0.0577,120,27.363,27.387,27.3412,0.0112,120,1008.712,1008.9114,1008.4902,0.0862,120,0,0,0,0,120,0,0,0,0,120,14.0229,14.2604,13.7689,0.2466,120,120,0,0,0,0,0,120,3.4785,3.4819,3.4748,0.0014,0.5736,0.5739,0.5734,0.0001,0.7284,0.7297,0.727,0.0006,-0.0001,-0.0001,-0.0001,0,-0.0039,-0.0033,-0.0042,0.0002,0,0,0,0,0,0,0,0,280.275,495,89,83.0532,0,0,0,0,424.35,750,152,70.2892,36.3,39.2667,45,39,24.33,24.38,24.32
2021-03-20 20:20:00,2.3567,4.6812,1.0288,0.8447,120,146.8552,30.0067,120,72.9993,73.0918,72.8477,0.0542,120,27.4009,27.4236,27.3778,0.0112,120,1008.8104,1008.9114,1008.6734,0.0977,120,0,0,0,0,120,0,0,0,0,120,13.9778,14.2604,13.2775,0.2522,120,120,0,0,0,0,0,120,3.4802,3.4819,3.4779,0.0016,0.574,0.5742,0.5738,0.0001,0.73,0.7309,0.7285,0.0005,-0.0001,-0.0001,-0.0001,0,-0.0036,-0.0033,-0.0038,0.0001,0,0,0,0,0,0,0,0,233.3333,486,89,91.8205,0,0,0,0,425.8417,987,240,101.7174,36,39.3,45,39,24.32,24.32,24.27
2021-03-20 20:30:00,3.0121,5.6656,0.6148,1.147,120,143.6111,26.6426,120,72.9886,73.0918,72.8477,0.0483,120,27.3709,27.4145,27.329,0.0251,120,1008.8775,1009.0762,1008.6734,0.0733,120,0,0,0,0,120,0,0,0,0,120,13.986,14.2604,13.7689,0.2451,120,120,0,0,0,0,0,120,3.4813,3.4846,3.4779,0.0012,0.5737,0.5741,0.5733,0.0003,0.7299,0.7309,0.7285,0.0005,-0.0001,-0.0001,-0.0001,0,-0.0036,-0.0035,-0.0039,0.0001,0,0,0,0,0,0,0,0,304.575,593,44,124.6727,0,0,0,0,409.2583,735,209,78.4099,36,39.1833,45,39,24.3,24.32,24.27
2021-03-20 20:40:00,2.607,5.6196,0.716,1.1557,120,146.6258,35.5763,120,73.0173,73.1529,72.9392,0.0565,120,27.3059,27.3382,27.2741,0.0204,120,1009.0155,1009.2593,1008.8748,0.1066,120,0,0,0,0,120,0,0,0,0,120,13.9368,14.2604,13.7689,0.2341,120,120,0,0,0,0,0,120,3.4836,3.4877,3.4812,0.0018,0.5731,0.5734,0.5727,0.0002,0.7302,0.7315,0.7294,0.0006,-0.0001,-0.0001,-0.0001,0,-0.0035,-0.0032,-0.0038,0.0001,0,0,0,0,0,0,0,0,260.5417,588,55,125.6166,0,0,0,0,419.4917,819,134,105.7932,36,39.2833,45,39,24.28,24.32,24.27
2021-03-20 20:50:00,2.9537,5.454,0.8172,1.0769,120,142.6667,32.8075,120,73.1328,73.2139,73.0003,0.0511,120,27.277,27.2954,27.2466,0.0107,120,1008.9708,1009.2593,1008.8565,0.093,120,0,0,0,0,120,0,0,0,0,120,14.0392,14.2604,13.7689,0.2455,120,120,0,0,0,0,0,120,3.4828,3.4877,3.4809,0.0016,0.5728,0.5729,0.5725,0.0001,0.7313,0.7321,0.73,0.0005,-0.0001,-0.0001,-0.0001,0,-0.0034,-0.003,-0.0037,0.0002,0,0,0,0,0,0,0,0,298.225,570,66,117.056,0,0,0,0,411.5,985,37,109.5968,36,39.1333,45,39,24.27,24.32,24.27
2021-03-20 21:00:00,2.5834,5.7392,0.7804,1.0539,120,147.6071,37.3788,120,73.0033,73.1223,72.8782,0.0577,120,27.2334,27.2558,27.2069,0.0134,120,1009.0661,1009.2593,1008.8748,0.0665,120,0,0,0,0,120,0,0,0,0,120,13.9491,14.7535,13.7689,0.2463,120,120,0,0,0,0,0,120,3.4844,3.4877,3.4812,0.0011,0.5723,0.5726,0.5721,0.0001,0.73,0.7312,0.7288,0.0006,-0.0001,-0.0001,-0.0001,0,-0.0033,-0.003,-0.0037,0.0002,0,0,0,0,0,0,0,0,257.975,601,62,114.5494,0,0,0,0,418.9667,888,60,112.6565,36,39.1833,45,39,24.26,24.27,24.23
2021-03-20 21:10:00,3.1247,5.546,1.4152,0.8851,120,144.4953,32.7843,120,73.0148,73.1223,72.9392,0.0444,120,27.2582,27.2954,27.2375,0.0159,120,1009.1142,1009.2593,1008.8748,0.0898,120,0,0,0,0,120,0,0,0,0,120,14.0393,14.7535,13.7689,0.2616,120,120,0,0,0,0,0,120,3.4852,3.4877,3.4812,0.0015,0.5726,0.5729,0.5724,0.0002,0.7301,0.7312,0.7294,0.0004,-0.0001,-0.0001,-0.0001,0,-0.0036,-0.0034,-0.0038,0.0001,0,0,0,0,0,0,0,0,316.8167,580,131,96.2078,0,0,0,0,409.3833,668,162,94.8083,36,39.25,43,39,24.24,24.27,24.23
2021-03-20 21:20:00,2.8336,6.3096,0.6424,0.9734,120,140.11,22.9278,120,73.0773,73.1223,73.0308,0.0209,120,27.3241,27.3443,27.2954,0.0116,120,1009.0616,1009.2593,1008.8748,0.055,120,0,0,0,0,120,0,0,0,0,120,13.9819,14.2604,13.7689,0.2446,120,120,0,0,0,0,0,120,3.4844,3.4877,3.4812,0.0009,0.5732,0.5734,0.5729,0.0001,0.7308,0.7312,0.7303,0.0002,-0.0001,-0.0001,-0.0001,0,-0.0035,-0.0034,-0.0037,0.0001,0,0,0,0,0,0,0,0,285.175,663,47,105.8002,0,0,0,0,397.425,638,233,66.0809,36,39.2833,45,37,24.23,24.27,24.23
2021-03-20 21:30:00,2.3919,4.2948,0.8816,0.785,120,143.9429,26.8676,120,73.1669,73.2749,73.0613,0.0617,120,27.3341,27.3504,27.3168,0.008,120,1009.0835,1009.2593,1008.8748,0.0658,120,0,0,0,0,120,0,0,0,0,120,13.9778,14.2604,13.7689,0.244,120,120,0,0,0,0,0,120,3.4847,3.4877,3.4812,0.0011,0.5733,0.5735,0.5732,0.0001,0.7317,0.7327,0.7306,0.0006,-0.0001,-0.0001,-0.0001,0,-0.0033,-0.0031,-0.0036,0.0001,0,0,0,0,0,0,0,0,237.1667,444,73,85.3313,0,0,0,0,407.6083,655,179,77.6461,36,39.3667,45,39,24.23,24.23,24.18
2021-03-20 21:40:00,2.0692,3.5036,0.6608,0.6333,120,146.4244,26.323,120,73.3268,73.4275,73.2444,0.0527,120,27.3573,27.3717,27.3412,0.0066,120,1009.0681,1009.241,1008.8748,0.0521,120,0,0,0,0,120,0,0,0,0,120,13.8713,14.2604,13.2775,0.2288,120,120,0,0,0,0,0,120,3.4845,3.4874,3.4812,0.0009,0.5736,0.5737,0.5734,0.0001,0.7333,0.7343,0.7324,0.0005,-0.0001,-0.0001,-0.0001,0,-0.0033,-0.0029,-0.0034,0.0001,0,0,0,0,0,0,0,0,202.0917,358,49,68.8411,0,0,0,0,416.9917,709,258,76.1185,36,39.2667,45,39,24.2,24.23,24.18
2021-03-20 21:50:00,2.1714,4.4696,0.5688,0.8327,120,138.3159,39.861,120,73.4115,73.4581,73.3665,0.0224,120,27.3147,27.3656,27.2649,0.0301,120,1009.0561,1009.241,1008.8748,0.0509,120,0,0,0,0,120,0,0,0,0,120,13.9205,14.2604,13.7689,0.2279,120,120,0,0,0,0,0,120,3.4843,3.4874,3.4812,0.0008,0.5732,0.5737,0.5726,0.0003,0.7341,0.7346,0.7337,0.0002,-0.0001,-0.0001,-0.0001,0,-0.0033,-0.003,-0.0035,0.0001,0,0,0,0,0,0,0,0,213.2,463,39,90.5134,0,0,0,0,392.1833,683,114,114.8371,36,39.2,45,39,24.18,24.23,24.13
2021-03-20 22:00:00,2.4633,5.4356,0.7528,0.9634,120,148.7404,28.9012,120,73.5066,73.6412,73.4275,0.0598,120,27.2616,27.271,27.2527,0.0046,120,1009.08,1009.241,1009.0396,0.0616,120,0,0,0,0,120,0,0,0,0,120,13.8918,14.2604,13.7689,0.2137,120,120,0,0,0,0,0,120,3.4847,3.4874,3.484,0.001,0.5726,0.5727,0.5725,0.0001,0.7351,0.7364,0.7343,0.0006,-0.0001,-0.0001,-0.0001,0,-0.0031,-0.0029,-0.0034,0.0001,0,0,0,0,0,0,0,0,244.925,568,59,104.7218,0,0,0,0,423.4583,713,204,83.7033,36,39.5167,45,39,24.18,24.18,24.13
2021-03-20 22:10:00,2.7307,5.0032,1.13,0.845,120,145.6181,27.2708,120,73.5598,73.6412,73.4886,0.0441,120,27.2292,27.271,27.1764,0.0288,120,1009.1443,1009.2593,1009.0396,0.0903,120,0,0,0,0,120,0,0,0,0,120,13.9287,14.2604,13.7689,0.2312,120,120,0,0,0,0,0,120,3.4857,3.4877,3.484,0.0015,0.5723,0.5727,0.5718,0.0003,0.7356,0.7364,0.7349,0.0004,-0.0001,-0.0001,-0.0001,0,-0.0035,-0.0033,-0.0038,0.0001,0,0,0,0,0,0,0,0,273.9917,521,100,91.8466,0,0,0,0,411.1417,624,73,80.8255,35.3,39.4167,45,39,24.16,24.18,24.13
2021-03-20 22:20:00,2.719,5.8772,1.0472,0.9378,120,149.2029,32.7943,120,73.556,73.6412,73.4581,0.0409,120,27.1698,27.1825,27.1581,0.0045,120,1009.0519,1009.241,1008.8565,0.0541,120,0,0,0,0,120,0,0,0,0,120,13.9491,14.2604,13.2775,0.2543,120,120,0,0,0,0,0,120,3.4842,3.4874,3.4809,0.0009,0.5717,0.5718,0.5716,0.0001,0.7356,0.7364,0.7346,0.0004,-0.0001,-0.0001,-0.0001,0,-0.0033,-0.003,-0.0038,0.0002,0,0,0,0,0,0,0,0,272.7167,616,91,101.9296,0,0,0,0,424.6667,721,153,94.5305,35,39.5167,45,39,24.13,24.18,24.13
2021-03-20 22:30:00,2.4009,4.2856,0.8908,0.814,120,141.9144,30.5572,120,73.5992,73.6717,73.5191,0.0388,120,27.1305,27.1703,27.1032,0.0191,120,1008.889,1009.0579,1008.655,0.0909,120,0,0,0,0,120,0,0,0,0,120,13.8836,14.2604,13.2775,0.2182,120,120,0,0,0,0,0,120,3.4815,3.4843,3.4776,0.0015,0.5713,0.5717,0.571,0.0002,0.736,0.7367,0.7352,0.0004,-0.0001,-0.0001,-0.0001,0,-0.0032,-0.003,-0.0035,0.0001,0,0,0,0,0,0,0,0,238.1417,443,74,88.4802,0,0,0,0,401.7667,651,22,90.1373,35,39.3333,45,39,24.13,24.13,24.13
2021-03-20 22:40:00,2.9465,5.9048,0.7252,1.0731,120,151.1694,31.1233,120,73.6198,73.7327,73.4275,0.0753,120,27.1041,27.1154,27.0818,0.0063,120,1008.7771,1009.0579,1008.655,0.1048,120,0,0,0,0,120,0,0,0,0,120,13.8918,14.2604,13.7689,0.2137,120,120,0,0,0,0,0,120,3.4796,3.4843,3.4776,0.0017,0.571,0.5712,0.5708,0.0001,0.7362,0.7373,0.7343,0.0008,-0.0001,-0.0001,-0.0001,0,-0.0037,-0.0033,-0.0039,0.0001,0,0,0,0,0,0,0,0,297.4417,619,56,116.6434,0,0,0,0,430.35,733,194,90.2283,35,39.4,45,39,24.13,24.13,24.08
2021-03-20 22:50:00,3.1259,6.3464,1.1852,1.0424,120,143.2593,26.3845,120,73.4868,73.5496,73.4275,0.026,120,27.0701,27.0879,27.0543,0.0077,120,1008.6772,1008.8748,1008.4719,0.0567,120,0,0,0,0,120,0,0,0,0,120,13.9655,14.7535,13.7689,0.2501,120,120,0,0,0,0,0,120,3.478,3.4812,3.4745,0.0009,0.5707,0.5709,0.5705,0.0001,0.7349,0.7355,0.7343,0.0003,-0.0001,-0.0001,-0.0001,0,-0.0031,-0.0028,-0.0038,0.0003,0,0,0,0,0,0,0,0,316.9417,667,106,113.3,0,0,0,0,405.5167,597,225,75.5837,35,39.4333,45,39,24.09,24.13,24.08
2021-03-20 23:00:00,2.2579,5.1412,0.7436,0.8539,120,151.8523,33.023,120,73.5804,73.7022,73.4886,0.0591,120,27.0464,27.0666,27.033,0.0083,120,1008.6576,1008.8748,1008.4536,0.0836,120,0,0,0,0,120,0,0,0,0,120,13.9,14.2604,13.7689,0.2182,120,120,0,0,0,0,0,120,3.4776,3.4812,3.4742,0.0014,0.5705,0.5707,0.5703,0.0001,0.7358,0.737,0.7349,0.0006,-0.0001,-0.0001,-0.0001,0,-0.0033,-0.0029,-0.0036,0.0002,0,0,0,0,0,0,0,0,222.6,536,58,92.811,0,0,0,0,430.75,680,172,94.4066,35,39.6167,45,39,24.08,24.13,24.08
2021-03-20 23:10:00,2.5327,4.948,0.4952,0.8394,120,150.1563,29.2881,120,73.8647,73.9769,73.7022,0.0645,120,27.0647,27.0818,27.0299,0.0138,120,1008.5632,1008.8565,1008.4536,0.0994,120,0,0,0,0,120,0,0,0,0,120,13.9573,14.2604,13.7689,0.2399,120,120,0,0,0,0,0,120,3.4761,3.4809,3.4742,0.0017,0.5706,0.5708,0.5703,0.0001,0.7386,0.7398,0.737,0.0006,-0.0001,-0.0001,-0.0001,0,-0.0034,-0.003,-0.0037,0.0002,0,0,0,0,0,0,0,0,252.4667,515,31,91.2396,0,0,0,0,429.325,799,236,86.1053,35,39.5333,41,39,24.08,24.13,24.03
2021-03-20 23:20:00,2.1185,3.3748,0.67,0.7177,120,166.1124,33.3241,120,74.0303,74.0684,73.9463,0.0312,120,27.0453,27.0757,27.0055,0.019,120,1008.5569,1008.6917,1008.4536,0.0973,120,0,0,0,0,120,0,0,0,0,120,13.8222,14.2604,13.2775,0.1779,120,120,0,0,0,0,0,120,3.4759,3.4782,3.4742,0.0016,0.5705,0.5708,0.5701,0.0002,0.7403,0.7407,0.7395,0.0003,-0.0001,-0.0001,-0.0001,0,-0.0036,-0.0033,-0.0038,0.0001,0,0,0,0,0,0,0,0,207.45,344,50,78.009,0,0,0,0,466.2083,660,20,99.019,35,39.6333,45,39,24.07,24.08,24.03
2021-03-20 23:30:00,2.3194,4.1936,0.8724,0.7061,120,160.6514,28.5636,120,74.0247,74.0989,73.8243,0.0675,120,26.9666,27.0116,26.9079,0.0301,120,1008.5293,1008.6734,1008.4536,0.0902,120,0,0,0,0,120,0,0,0,0,120,13.8508,14.2604,13.7689,0.1839,120,120,0,0,0,0,0,120,3.4755,3.4779,3.4742,0.0015,0.5697,0.5701,0.5691,0.0003,0.7402,0.741,0.7382,0.0007,-0.0001,-0.0001,-0.0001,0,-0.0033,-0.0027,-0.0037,0.0002,0,0,0,0,0,0,0,0,229.2833,433,72,76.7504,0,0,0,0,456.3167,691,267,82.0002,35,39.6,45,39,24.04,24.08,24.03
2021-03-20 23:40:00,1.8688,3.5312,0.4032,0.629,120,170.2531,32.1219,120,73.9135,73.9769,73.8548,0.0299,120,26.8611,26.9109,26.8255,0.0257,120,1008.3537,1008.4719,1008.2705,0.0852,120,0,0,0,0,120,0,0,0,0,120,13.8099,14.2604,13.2775,0.1755,120,120,0,0,0,0,0,120,3.4726,3.4745,3.4712,0.0014,0.5686,0.5691,0.5683,0.0003,0.7391,0.7398,0.7385,0.0003,-0.0001,-0.0001,-0.0001,0,-0.0035,-0.0024,-0.0037,0.0003,0,0,0,0,0,0,0,0,180.3083,361,21,68.37,0,0,0,0,477.9167,696,0,97.4796,35,39.6333,41,39,24.03,24.03,24.03
2021-03-20 23:50:00,1.6428,3.2276,0.6148,0.4834,120,175.2937,27.0818,120,74.013,74.16,73.9158,0.0698,120,26.7606,26.8285,26.6973,0.04,120,1008.2916,1008.4719,1008.1057,0.0377,120,0,0,0,0,120,0,0,0,0,120,13.7607,14.2604,13.2775,0.191,120,120,0,0,0,0,0,120,3.4715,3.4745,3.4684,0.0006,0.5676,0.5683,0.567,0.0004,0.7401,0.7416,0.7392,0.0007,-0.0001,-0.0001,-0.0001,0,-0.0031,-0.0026,-0.0035,0.0002,0,0,0,0,0,0,0,0,155.7417,328,44,52.5433,0,0,0,0,499.2833,937,326,81.8198,35,40.3333,45,39,24.03,24.03,23.98
